[
  {
    "courses": [
      "MATH",
      "WRITING",
      "SCIENCE",
      "HISTORY"
    ],
    "grade": 4,
    "name": "Lowell Welch",
    "id": 0,
    "frequency": 2
  },
  {
    "courses": [
      "READING",
      "WRITING"
    ],
    "grade": 9,
    "name": "Agustin Wolf",
    "id": 1,
    "frequency": 6
  },
  {
    "courses": [
      "MATH"
    ],
    "grade": 10,
    "name": "Clinton Auer",
    "id": 2,
    "frequency": 1
  },
  {
    "courses": [
      "MATH",
      "WRITING",
      "SCIENCE"
    ],
    "grade": 8,
    "name": "Johna Von",
    "id": 3,
    "frequency": 1
  },
  {
    "courses": [
      "MATH",
      "SCIENCE"
    ],
    "grade": 5,
    "name": "Nell Spinka",
    "id": 4,
    "frequency": 2
  },
  {
    "courses": [
      "READING",
      "WRITING",
      "SCIENCE",
      "HISTORY"
    ],
    "grade": 11,
    "name": "Sasha Kilback",
    "id": 5,
    "frequency": 4
  },
  {
    "courses": [
      "READING",
      "WRITING",
      "SCIENCE"
    ],
    "grade": 7,
    "name": "Omega Padberg",
    "id": 6,
    "frequency": 4
  },
  {
    "courses": [
      "WRITING",
      "SCIENCE",
      "HISTORY"
    ],
    "grade": 3,
    "name": "Rodrigo Durgan",
    "id": 7,
    "frequency": 2
  },
  {
    "courses": [
      "MATH",
      "SCIENCE",
      "HISTORY"
    ],
    "grade": 2,
    "name": "Gala Steuber",
    "id": 8,
    "frequency": 4
  },
  {
    "courses": [
      "MATH",
      "READING"
    ],
    "grade": 7,
    "name": "Bennie Jenkins",
    "id": 9,
    "frequency": 3
  },
  {
    "courses": [
      "MATH",
      "READING",
      "WRITING",
      "HISTORY"
    ],
    "grade": 6,
    "name": "Wendell Feil",
    "id": 10,
    "frequency": 1
  },
  {
    "courses": [
      "HISTORY"
    ],
    "grade": 3,
    "name": "Cedric Langosh",
    "id": 11,
    "frequency": 1
  },
  {
    "courses": [
      "MATH",
      "READING",
      "WRITING",
      "SCIENCE"
    ],
    "grade": 7,
    "name": "Ines Bednar",
    "id": 12,
    "frequency": 4
  },
  {
    "courses": [
      "WRITING",
      "SCIENCE"
    ],
    "grade": 9,
    "name": "Brook Ortiz",
    "id": 13,
    "frequency": 1
  },
  {
    "courses": [
      "MATH",
      "HISTORY"
    ],
    "grade": 11,
    "name": "Izetta Wolff",
    "id": 14,
    "frequency": 3
  },
  {
    "courses": [
      "WRITING",
      "SCIENCE"
    ],
    "grade": 4,
    "name": "Ronnie Stokes",
    "id": 15,
    "frequency": 4
  },
  {
    "courses": [
      "MATH",
      "READING",
      "SCIENCE"
    ],
    "grade": 8,
    "name": "Melisa Cormier",
    "id": 16,
    "frequency": 5
  },
  {
    "courses": [
      "WRITING",
      "SCIENCE"
    ],
    "grade": 8,
    "name": "Marcellus Ritchie",
    "id": 17,
    "frequency": 5
  },
  {
    "courses": [
      "MATH",
      "READING",
      "WRITING",
      "HISTORY"
    ],
    "grade": 10,
    "name": "Solomon Abernathy",
    "id": 18,
    "frequency": 3
  },
  {
    "courses": [
      "MATH",
      "READING",
      "HISTORY"
    ],
    "grade": 11,
    "name": "Setsuko Jerde",
    "id": 19,
    "frequency": 2
  },
  {
    "courses": [
      "MATH",
      "WRITING"
    ],
    "grade": 6,
    "name": "Alona Kulas",
    "id": 20,
    "frequency": 5
  },
  {
    "courses": [
      "MATH",
      "HISTORY"
    ],
    "grade": 11,
    "name": "Lula Beier",
    "id": 21,
    "frequency": 2
  },
  {
    "courses": [
      "MATH",
      "HISTORY"
    ],
    "grade": 4,
    "name": "Corie Homenick",
    "id": 22,
    "frequency": 5
  },
  {
    "courses": [
      "READING",
      "WRITING",
      "SCIENCE",
      "HISTORY"
    ],
    "grade": 9,
    "name": "Simon Schulist",
    "id": 23,
    "frequency": 4
  },
  {
    "courses": [],
    "grade": 3,
    "name": "Rory Ritchie",
    "id": 24,
    "frequency": 5
  },
  {
    "courses": [
      "WRITING",
      "HISTORY"
    ],
    "grade": 9,
    "name": "Theodore Rath",
    "id": 25,
    "frequency": 2
  },
  {
    "courses": [
      "MATH",
      "READING",
      "HISTORY"
    ],
    "grade": 11,
    "name": "Wesley Zieme",
    "id": 26,
    "frequency": 1
  },
  {
    "courses": [
      "READING",
      "WRITING",
      "SCIENCE"
    ],
    "grade": 7,
    "name": "Delmer Jones",
    "id": 27,
    "frequency": 2
  },
  {
    "courses": [
      "MATH",
      "WRITING",
      "SCIENCE",
      "HISTORY"
    ],
    "grade": 11,
    "name": "Randall Cormier",
    "id": 28,
    "frequency": 6
  },
  {
    "courses": [
      "READING",
      "SCIENCE"
    ],
    "grade": 10,
    "name": "Vaughn Rolfson",
    "id": 29,
    "frequency": 3
  },
  {
    "courses": [
      "READING",
      "HISTORY"
    ],
    "grade": 9,
    "name": "Kristi Adams",
    "id": 30,
    "frequency": 4
  },
  {
    "courses": [
      "SCIENCE"
    ],
    "grade": 8,
    "name": "Charisse Ortiz",
    "id": 31,
    "frequency": 2
  },
  {
    "courses": [
      "MATH",
      "WRITING",
      "SCIENCE",
      "HISTORY"
    ],
    "grade": 9,
    "name": "Moises Dickens",
    "id": 32,
    "frequency": 1
  },
  {
    "courses": [
      "MATH",
      "READING",
      "WRITING",
      "SCIENCE",
      "HISTORY"
    ],
    "grade": 11,
    "name": "Lindsy Nolan",
    "id": 33,
    "frequency": 2
  },
  {
    "courses": [
      "MATH",
      "READING",
      "SCIENCE"
    ],
    "grade": 11,
    "name": "Roland Lowe",
    "id": 34,
    "frequency": 3
  },
  {
    "courses": [
      "READING",
      "WRITING",
      "SCIENCE"
    ],
    "grade": 6,
    "name": "Isiah Weimann",
    "id": 35,
    "frequency": 4
  },
  {
    "courses": [
      "MATH",
      "HISTORY"
    ],
    "grade": 8,
    "name": "Manuela Mertz",
    "id": 36,
    "frequency": 2
  },
  {
    "courses": [
      "READING",
      "WRITING"
    ],
    "grade": 6,
    "name": "Waldo Blanda",
    "id": 37,
    "frequency": 6
  },
  {
    "courses": [
      "WRITING"
    ],
    "grade": 9,
    "name": "Ike Cassin",
    "id": 38,
    "frequency": 4
  },
  {
    "courses": [
      "MATH",
      "SCIENCE"
    ],
    "grade": 11,
    "name": "Spencer Predovic",
    "id": 39,
    "frequency": 2
  },
  {
    "courses": [
      "MATH",
      "SCIENCE",
      "HISTORY"
    ],
    "grade": 9,
    "name": "Concepcion Dibbert",
    "id": 40,
    "frequency": 4
  },
  {
    "courses": [
      "MATH",
      "READING",
      "WRITING",
      "SCIENCE",
      "HISTORY"
    ],
    "grade": 9,
    "name": "Lani Luettgen",
    "id": 41,
    "frequency": 3
  },
  {
    "courses": [
      "HISTORY"
    ],
    "grade": 9,
    "name": "Dan West",
    "id": 42,
    "frequency": 4
  },
  {
    "courses": [],
    "grade": 6,
    "name": "Galen Larkin",
    "id": 43,
    "frequency": 3
  },
  {
    "courses": [
      "READING",
      "SCIENCE",
      "HISTORY"
    ],
    "grade": 4,
    "name": "Dawne Satterfield",
    "id": 44,
    "frequency": 4
  },
  {
    "courses": [
      "MATH",
      "SCIENCE",
      "HISTORY"
    ],
    "grade": 3,
    "name": "Sergio Ruecker",
    "id": 45,
    "frequency": 2
  },
  {
    "courses": [
      "READING",
      "WRITING",
      "SCIENCE"
    ],
    "grade": 4,
    "name": "Rodrigo O\u0027Conner",
    "id": 46,
    "frequency": 5
  },
  {
    "courses": [
      "MATH",
      "WRITING",
      "SCIENCE"
    ],
    "grade": 5,
    "name": "Marco Blanda",
    "id": 47,
    "frequency": 4
  },
  {
    "courses": [
      "MATH",
      "READING",
      "HISTORY"
    ],
    "grade": 3,
    "name": "Lana Weber",
    "id": 48,
    "frequency": 5
  },
  {
    "courses": [
      "READING",
      "WRITING"
    ],
    "grade": 4,
    "name": "Warner Klein",
    "id": 49,
    "frequency": 4
  },
  {
    "courses": [
      "MATH",
      "WRITING"
    ],
    "grade": 5,
    "name": "Callie Yundt",
    "id": 50,
    "frequency": 4
  },
  {
    "courses": [
      "WRITING",
      "SCIENCE",
      "HISTORY"
    ],
    "grade": 11,
    "name": "Britany Wunsch",
    "id": 51,
    "frequency": 5
  },
  {
    "courses": [
      "READING",
      "SCIENCE"
    ],
    "grade": 6,
    "name": "Elois Schmitt",
    "id": 52,
    "frequency": 3
  },
  {
    "courses": [
      "MATH",
      "SCIENCE",
      "HISTORY"
    ],
    "grade": 6,
    "name": "Chanell Fadel",
    "id": 53,
    "frequency": 6
  },
  {
    "courses": [
      "READING",
      "WRITING",
      "SCIENCE",
      "HISTORY"
    ],
    "grade": 11,
    "name": "Wilmer Vandervort",
    "id": 54,
    "frequency": 6
  },
  {
    "courses": [
      "MATH"
    ],
    "grade": 4,
    "name": "Doria Sporer",
    "id": 55,
    "frequency": 6
  },
  {
    "courses": [],
    "grade": 9,
    "name": "Tyler Leuschke",
    "id": 56,
    "frequency": 2
  },
  {
    "courses": [
      "MATH",
      "READING",
      "WRITING",
      "SCIENCE",
      "HISTORY"
    ],
    "grade": 8,
    "name": "Gene Waelchi",
    "id": 57,
    "frequency": 1
  },
  {
    "courses": [
      "MATH",
      "READING",
      "WRITING",
      "SCIENCE"
    ],
    "grade": 7,
    "name": "Melida Cremin",
    "id": 58,
    "frequency": 1
  },
  {
    "courses": [
      "WRITING",
      "SCIENCE"
    ],
    "grade": 10,
    "name": "Johanne Cremin",
    "id": 59,
    "frequency": 3
  },
  {
    "courses": [],
    "grade": 11,
    "name": "Shawn Feest",
    "id": 60,
    "frequency": 3
  },
  {
    "courses": [
      "MATH",
      "HISTORY"
    ],
    "grade": 2,
    "name": "Gale MacGyver",
    "id": 61,
    "frequency": 5
  },
  {
    "courses": [
      "MATH",
      "WRITING",
      "SCIENCE",
      "HISTORY"
    ],
    "grade": 7,
    "name": "Raquel Williamson",
    "id": 62,
    "frequency": 4
  },
  {
    "courses": [
      "WRITING"
    ],
    "grade": 7,
    "name": "Sherley Flatley",
    "id": 63,
    "frequency": 2
  },
  {
    "courses": [
      "MATH",
      "HISTORY"
    ],
    "grade": 2,
    "name": "Lucien Nolan",
    "id": 64,
    "frequency": 2
  },
  {
    "courses": [
      "MATH",
      "READING",
      "HISTORY"
    ],
    "grade": 7,
    "name": "Clement Walsh",
    "id": 65,
    "frequency": 5
  },
  {
    "courses": [
      "MATH",
      "READING"
    ],
    "grade": 10,
    "name": "Elke Schoen",
    "id": 66,
    "frequency": 2
  },
  {
    "courses": [
      "MATH",
      "READING",
      "SCIENCE"
    ],
    "grade": 6,
    "name": "Marx Hilpert",
    "id": 67,
    "frequency": 6
  },
  {
    "courses": [
      "MATH",
      "SCIENCE"
    ],
    "grade": 8,
    "name": "Chery Greenfelder",
    "id": 68,
    "frequency": 6
  },
  {
    "courses": [
      "MATH",
      "READING"
    ],
    "grade": 11,
    "name": "Laurena Block",
    "id": 69,
    "frequency": 3
  },
  {
    "courses": [
      "MATH",
      "WRITING",
      "HISTORY"
    ],
    "grade": 7,
    "name": "Virginia Sporer",
    "id": 70,
    "frequency": 2
  },
  {
    "courses": [
      "MATH",
      "READING",
      "HISTORY"
    ],
    "grade": 4,
    "name": "Myrtie Collins",
    "id": 71,
    "frequency": 1
  },
  {
    "courses": [
      "MATH",
      "READING",
      "WRITING"
    ],
    "grade": 6,
    "name": "Jarrod Brown",
    "id": 72,
    "frequency": 2
  },
  {
    "courses": [
      "MATH",
      "HISTORY"
    ],
    "grade": 4,
    "name": "Ervin Reilly",
    "id": 73,
    "frequency": 2
  },
  {
    "courses": [
      "MATH",
      "READING"
    ],
    "grade": 7,
    "name": "Azalee Huels",
    "id": 74,
    "frequency": 3
  },
  {
    "courses": [
      "MATH",
      "WRITING",
      "SCIENCE",
      "HISTORY"
    ],
    "grade": 9,
    "name": "Nathanial Larkin",
    "id": 75,
    "frequency": 2
  },
  {
    "courses": [
      "READING",
      "WRITING"
    ],
    "grade": 7,
    "name": "Thomas Stark",
    "id": 76,
    "frequency": 2
  },
  {
    "courses": [
      "MATH",
      "READING",
      "SCIENCE",
      "HISTORY"
    ],
    "grade": 10,
    "name": "Hassan Champlin",
    "id": 77,
    "frequency": 3
  },
  {
    "courses": [
      "WRITING",
      "SCIENCE"
    ],
    "grade": 5,
    "name": "Linwood Rau",
    "id": 78,
    "frequency": 4
  },
  {
    "courses": [
      "MATH",
      "READING",
      "WRITING",
      "HISTORY"
    ],
    "grade": 2,
    "name": "Summer Dooley",
    "id": 79,
    "frequency": 5
  },
  {
    "courses": [
      "MATH",
      "WRITING"
    ],
    "grade": 11,
    "name": "Dick Baumbach",
    "id": 80,
    "frequency": 4
  },
  {
    "courses": [
      "WRITING",
      "HISTORY"
    ],
    "grade": 9,
    "name": "Eusebio Kuvalis",
    "id": 81,
    "frequency": 2
  },
  {
    "courses": [
      "MATH",
      "READING",
      "WRITING",
      "SCIENCE",
      "HISTORY"
    ],
    "grade": 8,
    "name": "Jeff Kassulke",
    "id": 82,
    "frequency": 1
  },
  {
    "courses": [
      "WRITING",
      "SCIENCE"
    ],
    "grade": 7,
    "name": "Toby Schuster",
    "id": 83,
    "frequency": 2
  },
  {
    "courses": [
      "READING",
      "WRITING",
      "SCIENCE",
      "HISTORY"
    ],
    "grade": 6,
    "name": "Ronnie Konopelski",
    "id": 84,
    "frequency": 2
  },
  {
    "courses": [
      "MATH",
      "READING",
      "WRITING"
    ],
    "grade": 5,
    "name": "Thomas Fadel",
    "id": 85,
    "frequency": 1
  },
  {
    "courses": [
      "MATH",
      "READING",
      "WRITING",
      "SCIENCE"
    ],
    "grade": 10,
    "name": "Gavin Waelchi",
    "id": 86,
    "frequency": 3
  },
  {
    "courses": [
      "MATH",
      "SCIENCE"
    ],
    "grade": 6,
    "name": "Benito Zboncak",
    "id": 87,
    "frequency": 6
  },
  {
    "courses": [
      "READING",
      "SCIENCE",
      "HISTORY"
    ],
    "grade": 8,
    "name": "Brett Murazik",
    "id": 88,
    "frequency": 5
  },
  {
    "courses": [
      "SCIENCE",
      "HISTORY"
    ],
    "grade": 6,
    "name": "Penni Erdman",
    "id": 89,
    "frequency": 5
  },
  {
    "courses": [
      "MATH",
      "SCIENCE",
      "HISTORY"
    ],
    "grade": 10,
    "name": "Scot Collins",
    "id": 90,
    "frequency": 4
  },
  {
    "courses": [
      "MATH",
      "WRITING",
      "SCIENCE"
    ],
    "grade": 2,
    "name": "Lynwood Corwin",
    "id": 91,
    "frequency": 5
  },
  {
    "courses": [
      "MATH",
      "READING",
      "WRITING"
    ],
    "grade": 10,
    "name": "Mariano Schmitt",
    "id": 92,
    "frequency": 3
  },
  {
    "courses": [
      "HISTORY"
    ],
    "grade": 1,
    "name": "Solange Effertz",
    "id": 93,
    "frequency": 3
  },
  {
    "courses": [
      "READING",
      "WRITING",
      "SCIENCE",
      "HISTORY"
    ],
    "grade": 9,
    "name": "Alyce Hoppe",
    "id": 94,
    "frequency": 2
  },
  {
    "courses": [
      "MATH"
    ],
    "grade": 7,
    "name": "Jamal Hane",
    "id": 95,
    "frequency": 5
  },
  {
    "courses": [
      "READING",
      "SCIENCE",
      "HISTORY"
    ],
    "grade": 5,
    "name": "Fernando Harber",
    "id": 96,
    "frequency": 2
  },
  {
    "courses": [
      "MATH",
      "READING",
      "WRITING"
    ],
    "grade": 10,
    "name": "Stevie Fay",
    "id": 97,
    "frequency": 5
  },
  {
    "courses": [
      "READING",
      "WRITING",
      "SCIENCE"
    ],
    "grade": 3,
    "name": "Gale Willms",
    "id": 98,
    "frequency": 6
  },
  {
    "courses": [
      "HISTORY"
    ],
    "grade": 4,
    "name": "Lanny Wisoky",
    "id": 99,
    "frequency": 5
  },
  {
    "courses": [
      "MATH",
      "READING",
      "HISTORY"
    ],
    "grade": 11,
    "name": "Ike Abbott",
    "id": 100,
    "frequency": 2
  },
  {
    "courses": [
      "MATH"
    ],
    "grade": 3,
    "name": "Marva Mraz",
    "id": 101,
    "frequency": 2
  },
  {
    "courses": [
      "MATH",
      "READING"
    ],
    "grade": 11,
    "name": "Annemarie Prosacco",
    "id": 102,
    "frequency": 1
  },
  {
    "courses": [
      "READING",
      "WRITING",
      "SCIENCE"
    ],
    "grade": 2,
    "name": "Ulysses Johns",
    "id": 103,
    "frequency": 2
  },
  {
    "courses": [
      "SCIENCE"
    ],
    "grade": 7,
    "name": "Sarai Ernser",
    "id": 104,
    "frequency": 4
  },
  {
    "courses": [
      "MATH",
      "READING",
      "SCIENCE",
      "HISTORY"
    ],
    "grade": 2,
    "name": "Rod Herman",
    "id": 105,
    "frequency": 5
  },
  {
    "courses": [
      "SCIENCE",
      "HISTORY"
    ],
    "grade": 6,
    "name": "Mike Rodriguez",
    "id": 106,
    "frequency": 2
  },
  {
    "courses": [
      "MATH",
      "READING",
      "SCIENCE"
    ],
    "grade": 9,
    "name": "Melany Daniel",
    "id": 107,
    "frequency": 1
  },
  {
    "courses": [
      "MATH",
      "READING",
      "WRITING"
    ],
    "grade": 9,
    "name": "Twanda Schumm",
    "id": 108,
    "frequency": 2
  },
  {
    "courses": [
      "MATH",
      "HISTORY"
    ],
    "grade": 9,
    "name": "Tama McCullough",
    "id": 109,
    "frequency": 6
  },
  {
    "courses": [
      "WRITING",
      "HISTORY"
    ],
    "grade": 3,
    "name": "Milton Mohr",
    "id": 110,
    "frequency": 6
  },
  {
    "courses": [
      "READING",
      "WRITING",
      "SCIENCE",
      "HISTORY"
    ],
    "grade": 9,
    "name": "Tressie Koepp",
    "id": 111,
    "frequency": 6
  },
  {
    "courses": [
      "MATH",
      "WRITING",
      "SCIENCE",
      "HISTORY"
    ],
    "grade": 8,
    "name": "Adolph Ryan",
    "id": 112,
    "frequency": 2
  },
  {
    "courses": [
      "MATH",
      "READING",
      "WRITING",
      "HISTORY"
    ],
    "grade": 11,
    "name": "Ermelinda Lubowitz",
    "id": 113,
    "frequency": 6
  },
  {
    "courses": [
      "WRITING",
      "SCIENCE",
      "HISTORY"
    ],
    "grade": 2,
    "name": "Heidi Mann",
    "id": 114,
    "frequency": 3
  },
  {
    "courses": [
      "MATH",
      "READING",
      "WRITING",
      "SCIENCE",
      "HISTORY"
    ],
    "grade": 5,
    "name": "Parthenia Ratke",
    "id": 115,
    "frequency": 6
  },
  {
    "courses": [
      "SCIENCE"
    ],
    "grade": 10,
    "name": "Ariane Collier",
    "id": 116,
    "frequency": 1
  },
  {
    "courses": [
      "MATH",
      "WRITING"
    ],
    "grade": 7,
    "name": "Loren Quigley",
    "id": 117,
    "frequency": 5
  },
  {
    "courses": [
      "MATH",
      "READING",
      "WRITING"
    ],
    "grade": 11,
    "name": "Dudley Mills",
    "id": 118,
    "frequency": 4
  },
  {
    "courses": [
      "MATH",
      "SCIENCE",
      "HISTORY"
    ],
    "grade": 8,
    "name": "Julian Hand",
    "id": 119,
    "frequency": 6
  },
  {
    "courses": [
      "MATH",
      "READING",
      "HISTORY"
    ],
    "grade": 9,
    "name": "Ernest Rempel",
    "id": 120,
    "frequency": 4
  },
  {
    "courses": [
      "READING",
      "SCIENCE"
    ],
    "grade": 9,
    "name": "Sol Cronin",
    "id": 121,
    "frequency": 4
  },
  {
    "courses": [
      "WRITING",
      "SCIENCE"
    ],
    "grade": 1,
    "name": "Ira Schulist",
    "id": 122,
    "frequency": 5
  },
  {
    "courses": [
      "MATH"
    ],
    "grade": 11,
    "name": "Audrey Cassin",
    "id": 123,
    "frequency": 1
  },
  {
    "courses": [
      "MATH",
      "WRITING",
      "SCIENCE"
    ],
    "grade": 9,
    "name": "Denyse Luettgen",
    "id": 124,
    "frequency": 5
  },
  {
    "courses": [
      "READING"
    ],
    "grade": 6,
    "name": "Corrine Toy",
    "id": 125,
    "frequency": 2
  },
  {
    "courses": [
      "WRITING",
      "HISTORY"
    ],
    "grade": 1,
    "name": "Vaughn Jast",
    "id": 126,
    "frequency": 4
  },
  {
    "courses": [
      "MATH",
      "WRITING",
      "SCIENCE"
    ],
    "grade": 5,
    "name": "Elisa Green",
    "id": 127,
    "frequency": 2
  },
  {
    "courses": [
      "MATH",
      "WRITING",
      "SCIENCE"
    ],
    "grade": 8,
    "name": "Ardis Howell",
    "id": 128,
    "frequency": 5
  },
  {
    "courses": [
      "WRITING",
      "SCIENCE"
    ],
    "grade": 10,
    "name": "Irvin Von",
    "id": 129,
    "frequency": 4
  },
  {
    "courses": [
      "SCIENCE",
      "HISTORY"
    ],
    "grade": 5,
    "name": "Evelin Gleason",
    "id": 130,
    "frequency": 4
  },
  {
    "courses": [
      "MATH",
      "WRITING",
      "SCIENCE",
      "HISTORY"
    ],
    "grade": 5,
    "name": "Jackeline Lubowitz",
    "id": 131,
    "frequency": 5
  },
  {
    "courses": [
      "WRITING"
    ],
    "grade": 4,
    "name": "Chadwick Reynolds",
    "id": 132,
    "frequency": 6
  },
  {
    "courses": [
      "MATH"
    ],
    "grade": 1,
    "name": "Janita Lubowitz",
    "id": 133,
    "frequency": 4
  },
  {
    "courses": [
      "MATH",
      "SCIENCE"
    ],
    "grade": 11,
    "name": "Reid Abshire",
    "id": 134,
    "frequency": 6
  },
  {
    "courses": [
      "READING",
      "SCIENCE"
    ],
    "grade": 7,
    "name": "Dreama Stiedemann",
    "id": 135,
    "frequency": 6
  },
  {
    "courses": [
      "MATH",
      "READING",
      "SCIENCE"
    ],
    "grade": 2,
    "name": "Teodora Quitzon",
    "id": 136,
    "frequency": 3
  },
  {
    "courses": [
      "MATH",
      "READING",
      "SCIENCE"
    ],
    "grade": 7,
    "name": "Merrie Koepp",
    "id": 137,
    "frequency": 5
  },
  {
    "courses": [
      "MATH",
      "WRITING"
    ],
    "grade": 5,
    "name": "Yuri Tremblay",
    "id": 138,
    "frequency": 4
  },
  {
    "courses": [
      "SCIENCE",
      "HISTORY"
    ],
    "grade": 8,
    "name": "Lurline Murray",
    "id": 139,
    "frequency": 6
  },
  {
    "courses": [
      "MATH",
      "SCIENCE"
    ],
    "grade": 3,
    "name": "Corinne Watsica",
    "id": 140,
    "frequency": 4
  },
  {
    "courses": [
      "MATH",
      "SCIENCE",
      "HISTORY"
    ],
    "grade": 2,
    "name": "Chuck Rolfson",
    "id": 141,
    "frequency": 4
  },
  {
    "courses": [
      "MATH",
      "SCIENCE",
      "HISTORY"
    ],
    "grade": 5,
    "name": "Reinaldo Breitenberg",
    "id": 142,
    "frequency": 6
  },
  {
    "courses": [
      "MATH",
      "HISTORY"
    ],
    "grade": 4,
    "name": "Justin Christiansen",
    "id": 143,
    "frequency": 5
  },
  {
    "courses": [],
    "grade": 7,
    "name": "Vi Kirlin",
    "id": 144,
    "frequency": 2
  },
  {
    "courses": [
      "WRITING",
      "HISTORY"
    ],
    "grade": 10,
    "name": "Claudio Parisian",
    "id": 145,
    "frequency": 5
  },
  {
    "courses": [
      "WRITING",
      "SCIENCE"
    ],
    "grade": 9,
    "name": "Vivian Jacobs",
    "id": 146,
    "frequency": 5
  },
  {
    "courses": [
      "HISTORY"
    ],
    "grade": 7,
    "name": "Pete Moore",
    "id": 147,
    "frequency": 4
  },
  {
    "courses": [
      "WRITING",
      "SCIENCE"
    ],
    "grade": 8,
    "name": "Loree O\u0027Hara",
    "id": 148,
    "frequency": 4
  },
  {
    "courses": [
      "READING",
      "WRITING",
      "SCIENCE",
      "HISTORY"
    ],
    "grade": 3,
    "name": "Necole Ritchie",
    "id": 149,
    "frequency": 4
  },
  {
    "courses": [
      "MATH",
      "WRITING",
      "HISTORY"
    ],
    "grade": 11,
    "name": "Bradford Bayer",
    "id": 150,
    "frequency": 6
  },
  {
    "courses": [
      "MATH",
      "READING",
      "SCIENCE",
      "HISTORY"
    ],
    "grade": 3,
    "name": "Anja Stracke",
    "id": 151,
    "frequency": 3
  },
  {
    "courses": [
      "READING",
      "WRITING",
      "HISTORY"
    ],
    "grade": 7,
    "name": "Vince Jacobi",
    "id": 152,
    "frequency": 1
  },
  {
    "courses": [
      "MATH",
      "WRITING",
      "HISTORY"
    ],
    "grade": 5,
    "name": "Thurman Legros",
    "id": 153,
    "frequency": 6
  },
  {
    "courses": [
      "MATH",
      "READING"
    ],
    "grade": 6,
    "name": "Elliot Durgan",
    "id": 154,
    "frequency": 2
  },
  {
    "courses": [
      "MATH",
      "WRITING",
      "SCIENCE"
    ],
    "grade": 5,
    "name": "Michal Stroman",
    "id": 155,
    "frequency": 4
  },
  {
    "courses": [
      "SCIENCE"
    ],
    "grade": 7,
    "name": "Natasha Trantow",
    "id": 156,
    "frequency": 5
  },
  {
    "courses": [
      "WRITING",
      "HISTORY"
    ],
    "grade": 9,
    "name": "Bernita Kerluke",
    "id": 157,
    "frequency": 1
  },
  {
    "courses": [
      "READING",
      "WRITING",
      "SCIENCE",
      "HISTORY"
    ],
    "grade": 2,
    "name": "Tempie Vandervort",
    "id": 158,
    "frequency": 2
  },
  {
    "courses": [
      "READING",
      "SCIENCE"
    ],
    "grade": 11,
    "name": "Erick Dibbert",
    "id": 159,
    "frequency": 3
  },
  {
    "courses": [
      "MATH",
      "HISTORY"
    ],
    "grade": 9,
    "name": "Charity Muller",
    "id": 160,
    "frequency": 4
  },
  {
    "courses": [
      "MATH",
      "WRITING"
    ],
    "grade": 7,
    "name": "Jae Bruen",
    "id": 161,
    "frequency": 6
  },
  {
    "courses": [
      "READING",
      "WRITING",
      "HISTORY"
    ],
    "grade": 9,
    "name": "Shad Ferry",
    "id": 162,
    "frequency": 2
  },
  {
    "courses": [
      "READING",
      "HISTORY"
    ],
    "grade": 7,
    "name": "Mayme Nolan",
    "id": 163,
    "frequency": 6
  },
  {
    "courses": [
      "READING",
      "WRITING",
      "HISTORY"
    ],
    "grade": 6,
    "name": "Robert Crist",
    "id": 164,
    "frequency": 4
  },
  {
    "courses": [
      "MATH"
    ],
    "grade": 11,
    "name": "Vinnie Wiza",
    "id": 165,
    "frequency": 4
  },
  {
    "courses": [
      "MATH",
      "READING",
      "WRITING",
      "SCIENCE",
      "HISTORY"
    ],
    "grade": 11,
    "name": "Lincoln Wilderman",
    "id": 166,
    "frequency": 3
  },
  {
    "courses": [
      "READING",
      "SCIENCE"
    ],
    "grade": 1,
    "name": "Krishna Wolff",
    "id": 167,
    "frequency": 4
  },
  {
    "courses": [
      "MATH",
      "READING",
      "WRITING",
      "HISTORY"
    ],
    "grade": 3,
    "name": "Chas Runolfsdottir",
    "id": 168,
    "frequency": 4
  },
  {
    "courses": [
      "MATH",
      "READING",
      "WRITING",
      "SCIENCE"
    ],
    "grade": 7,
    "name": "Lavern Cremin",
    "id": 169,
    "frequency": 3
  },
  {
    "courses": [
      "MATH",
      "READING",
      "SCIENCE",
      "HISTORY"
    ],
    "grade": 3,
    "name": "Prince Auer",
    "id": 170,
    "frequency": 2
  },
  {
    "courses": [
      "MATH",
      "HISTORY"
    ],
    "grade": 5,
    "name": "Linn Hermiston",
    "id": 171,
    "frequency": 5
  },
  {
    "courses": [
      "WRITING",
      "HISTORY"
    ],
    "grade": 6,
    "name": "Kerri Bernhard",
    "id": 172,
    "frequency": 6
  },
  {
    "courses": [
      "MATH",
      "READING",
      "WRITING"
    ],
    "grade": 7,
    "name": "Barry DuBuque",
    "id": 173,
    "frequency": 4
  },
  {
    "courses": [
      "READING",
      "WRITING"
    ],
    "grade": 2,
    "name": "Harvey Ferry",
    "id": 174,
    "frequency": 2
  },
  {
    "courses": [
      "READING"
    ],
    "grade": 7,
    "name": "Brain Keeling",
    "id": 175,
    "frequency": 4
  },
  {
    "courses": [
      "MATH",
      "READING"
    ],
    "grade": 10,
    "name": "Cecil Homenick",
    "id": 176,
    "frequency": 6
  },
  {
    "courses": [
      "WRITING",
      "SCIENCE",
      "HISTORY"
    ],
    "grade": 3,
    "name": "Enrique Altenwerth",
    "id": 177,
    "frequency": 5
  },
  {
    "courses": [
      "WRITING",
      "SCIENCE"
    ],
    "grade": 11,
    "name": "Mohammad Jacobs",
    "id": 178,
    "frequency": 2
  },
  {
    "courses": [
      "READING",
      "WRITING",
      "SCIENCE"
    ],
    "grade": 10,
    "name": "Christena Lebsack",
    "id": 179,
    "frequency": 2
  },
  {
    "courses": [
      "MATH",
      "READING",
      "WRITING",
      "SCIENCE",
      "HISTORY"
    ],
    "grade": 2,
    "name": "Hung Yundt",
    "id": 180,
    "frequency": 6
  },
  {
    "courses": [
      "MATH",
      "READING",
      "WRITING"
    ],
    "grade": 11,
    "name": "Garfield Greenfelder",
    "id": 181,
    "frequency": 5
  },
  {
    "courses": [
      "MATH",
      "WRITING",
      "SCIENCE"
    ],
    "grade": 6,
    "name": "Napoleon Effertz",
    "id": 182,
    "frequency": 2
  },
  {
    "courses": [
      "MATH",
      "WRITING"
    ],
    "grade": 5,
    "name": "Jody MacGyver",
    "id": 183,
    "frequency": 3
  },
  {
    "courses": [
      "WRITING",
      "SCIENCE",
      "HISTORY"
    ],
    "grade": 5,
    "name": "Stepanie Barton",
    "id": 184,
    "frequency": 4
  },
  {
    "courses": [
      "WRITING",
      "SCIENCE"
    ],
    "grade": 11,
    "name": "Edwin Rowe",
    "id": 185,
    "frequency": 2
  },
  {
    "courses": [
      "READING",
      "HISTORY"
    ],
    "grade": 4,
    "name": "Louie Reichel",
    "id": 186,
    "frequency": 6
  },
  {
    "courses": [
      "MATH",
      "WRITING",
      "SCIENCE",
      "HISTORY"
    ],
    "grade": 4,
    "name": "Ivey Kihn",
    "id": 187,
    "frequency": 1
  },
  {
    "courses": [
      "MATH",
      "READING",
      "SCIENCE",
      "HISTORY"
    ],
    "grade": 4,
    "name": "Jimmy Dickens",
    "id": 188,
    "frequency": 3
  },
  {
    "courses": [
      "HISTORY"
    ],
    "grade": 3,
    "name": "Sabine Rosenbaum",
    "id": 189,
    "frequency": 2
  },
  {
    "courses": [
      "MATH",
      "WRITING",
      "HISTORY"
    ],
    "grade": 3,
    "name": "Alex Wolff",
    "id": 190,
    "frequency": 3
  },
  {
    "courses": [
      "READING",
      "SCIENCE"
    ],
    "grade": 4,
    "name": "Erick Hickle",
    "id": 191,
    "frequency": 4
  },
  {
    "courses": [
      "MATH",
      "READING"
    ],
    "grade": 5,
    "name": "Cathey Oberbrunner",
    "id": 192,
    "frequency": 4
  },
  {
    "courses": [
      "MATH",
      "READING",
      "WRITING",
      "SCIENCE"
    ],
    "grade": 6,
    "name": "Keila Ebert",
    "id": 193,
    "frequency": 3
  },
  {
    "courses": [
      "HISTORY"
    ],
    "grade": 5,
    "name": "Geraldo Franecki",
    "id": 194,
    "frequency": 3
  },
  {
    "courses": [
      "WRITING",
      "SCIENCE"
    ],
    "grade": 6,
    "name": "Agnus Bode",
    "id": 195,
    "frequency": 5
  },
  {
    "courses": [
      "MATH",
      "READING",
      "SCIENCE",
      "HISTORY"
    ],
    "grade": 2,
    "name": "Marisol Schoen",
    "id": 196,
    "frequency": 1
  },
  {
    "courses": [
      "MATH",
      "READING",
      "SCIENCE",
      "HISTORY"
    ],
    "grade": 4,
    "name": "Berry Grady",
    "id": 197,
    "frequency": 4
  },
  {
    "courses": [
      "MATH",
      "READING"
    ],
    "grade": 10,
    "name": "Zenobia Spinka",
    "id": 198,
    "frequency": 6
  },
  {
    "courses": [
      "MATH",
      "READING",
      "SCIENCE",
      "HISTORY"
    ],
    "grade": 7,
    "name": "Jeffery Tromp",
    "id": 199,
    "frequency": 2
  },
  {
    "courses": [
      "WRITING",
      "SCIENCE",
      "HISTORY"
    ],
    "grade": 8,
    "name": "Ollie Smitham",
    "id": 200,
    "frequency": 5
  },
  {
    "courses": [
      "MATH"
    ],
    "grade": 6,
    "name": "Chastity Kerluke",
    "id": 201,
    "frequency": 6
  },
  {
    "courses": [
      "READING",
      "HISTORY"
    ],
    "grade": 4,
    "name": "Adolph Reinger",
    "id": 202,
    "frequency": 2
  },
  {
    "courses": [
      "MATH"
    ],
    "grade": 7,
    "name": "Danika Glover",
    "id": 203,
    "frequency": 4
  },
  {
    "courses": [
      "MATH",
      "SCIENCE"
    ],
    "grade": 8,
    "name": "Luther Klocko",
    "id": 204,
    "frequency": 1
  },
  {
    "courses": [
      "WRITING",
      "SCIENCE"
    ],
    "grade": 6,
    "name": "Marylynn Keeling",
    "id": 205,
    "frequency": 2
  },
  {
    "courses": [
      "MATH",
      "READING",
      "SCIENCE",
      "HISTORY"
    ],
    "grade": 8,
    "name": "Christopher Schoen",
    "id": 206,
    "frequency": 5
  },
  {
    "courses": [
      "MATH",
      "HISTORY"
    ],
    "grade": 2,
    "name": "Augustine Hessel",
    "id": 207,
    "frequency": 2
  },
  {
    "courses": [
      "READING",
      "WRITING"
    ],
    "grade": 3,
    "name": "Regan Runolfsdottir",
    "id": 208,
    "frequency": 2
  },
  {
    "courses": [
      "MATH",
      "READING",
      "SCIENCE",
      "HISTORY"
    ],
    "grade": 2,
    "name": "Cristobal Lowe",
    "id": 209,
    "frequency": 4
  },
  {
    "courses": [
      "READING",
      "SCIENCE",
      "HISTORY"
    ],
    "grade": 6,
    "name": "Cecily Jones",
    "id": 210,
    "frequency": 6
  },
  {
    "courses": [
      "READING",
      "HISTORY"
    ],
    "grade": 1,
    "name": "Marlon Frami",
    "id": 211,
    "frequency": 4
  },
  {
    "courses": [
      "MATH",
      "READING",
      "SCIENCE",
      "HISTORY"
    ],
    "grade": 2,
    "name": "Loree Smitham",
    "id": 212,
    "frequency": 4
  },
  {
    "courses": [
      "MATH",
      "SCIENCE"
    ],
    "grade": 5,
    "name": "Cecille Mitchell",
    "id": 213,
    "frequency": 4
  },
  {
    "courses": [
      "MATH",
      "WRITING",
      "SCIENCE",
      "HISTORY"
    ],
    "grade": 2,
    "name": "Ulysses Moen",
    "id": 214,
    "frequency": 2
  },
  {
    "courses": [
      "MATH",
      "READING",
      "WRITING",
      "SCIENCE",
      "HISTORY"
    ],
    "grade": 3,
    "name": "Lynn Murphy",
    "id": 215,
    "frequency": 4
  },
  {
    "courses": [
      "MATH",
      "READING"
    ],
    "grade": 10,
    "name": "Jared Conroy",
    "id": 216,
    "frequency": 2
  },
  {
    "courses": [
      "WRITING",
      "SCIENCE",
      "HISTORY"
    ],
    "grade": 11,
    "name": "Darron Kihn",
    "id": 217,
    "frequency": 2
  },
  {
    "courses": [
      "MATH"
    ],
    "grade": 8,
    "name": "Oren Flatley",
    "id": 218,
    "frequency": 3
  },
  {
    "courses": [
      "MATH",
      "READING",
      "HISTORY"
    ],
    "grade": 5,
    "name": "Lorri Abbott",
    "id": 219,
    "frequency": 2
  },
  {
    "courses": [
      "MATH",
      "WRITING",
      "SCIENCE",
      "HISTORY"
    ],
    "grade": 4,
    "name": "Johnnie Runolfsdottir",
    "id": 220,
    "frequency": 2
  },
  {
    "courses": [
      "MATH",
      "WRITING",
      "SCIENCE"
    ],
    "grade": 5,
    "name": "Ben Hills",
    "id": 221,
    "frequency": 5
  },
  {
    "courses": [
      "READING",
      "SCIENCE"
    ],
    "grade": 4,
    "name": "Evon Tromp",
    "id": 222,
    "frequency": 4
  },
  {
    "courses": [
      "MATH",
      "READING",
      "WRITING",
      "SCIENCE"
    ],
    "grade": 11,
    "name": "Raelene VonRueden",
    "id": 223,
    "frequency": 5
  },
  {
    "courses": [
      "MATH",
      "READING",
      "SCIENCE"
    ],
    "grade": 8,
    "name": "Kyung Batz",
    "id": 224,
    "frequency": 4
  },
  {
    "courses": [
      "MATH",
      "READING",
      "SCIENCE"
    ],
    "grade": 8,
    "name": "Emilio Conroy",
    "id": 225,
    "frequency": 5
  },
  {
    "courses": [
      "MATH",
      "WRITING",
      "SCIENCE"
    ],
    "grade": 8,
    "name": "Aurelio Langosh",
    "id": 226,
    "frequency": 2
  },
  {
    "courses": [
      "MATH",
      "WRITING",
      "SCIENCE",
      "HISTORY"
    ],
    "grade": 10,
    "name": "Juliane Conn",
    "id": 227,
    "frequency": 6
  },
  {
    "courses": [
      "MATH",
      "WRITING"
    ],
    "grade": 11,
    "name": "Madelene Haag",
    "id": 228,
    "frequency": 5
  },
  {
    "courses": [
      "MATH",
      "WRITING",
      "HISTORY"
    ],
    "grade": 4,
    "name": "Ricardo Lehner",
    "id": 229,
    "frequency": 2
  },
  {
    "courses": [
      "WRITING"
    ],
    "grade": 2,
    "name": "Rufina McClure",
    "id": 230,
    "frequency": 4
  },
  {
    "courses": [
      "SCIENCE"
    ],
    "grade": 11,
    "name": "Elisa White",
    "id": 231,
    "frequency": 4
  },
  {
    "courses": [
      "READING",
      "SCIENCE",
      "HISTORY"
    ],
    "grade": 4,
    "name": "Christen Reichert",
    "id": 232,
    "frequency": 3
  },
  {
    "courses": [
      "MATH",
      "SCIENCE",
      "HISTORY"
    ],
    "grade": 6,
    "name": "Fleta Wisoky",
    "id": 233,
    "frequency": 6
  },
  {
    "courses": [
      "WRITING",
      "SCIENCE",
      "HISTORY"
    ],
    "grade": 5,
    "name": "Trenton O\u0027Reilly",
    "id": 234,
    "frequency": 2
  },
  {
    "courses": [
      "MATH",
      "READING",
      "WRITING",
      "HISTORY"
    ],
    "grade": 10,
    "name": "Renato Block",
    "id": 235,
    "frequency": 4
  },
  {
    "courses": [
      "MATH",
      "SCIENCE",
      "HISTORY"
    ],
    "grade": 1,
    "name": "Carrol Bogan",
    "id": 236,
    "frequency": 2
  },
  {
    "courses": [
      "WRITING",
      "SCIENCE",
      "HISTORY"
    ],
    "grade": 1,
    "name": "Stanley Kautzer",
    "id": 237,
    "frequency": 2
  },
  {
    "courses": [
      "READING",
      "WRITING"
    ],
    "grade": 2,
    "name": "Samantha Ruecker",
    "id": 238,
    "frequency": 5
  },
  {
    "courses": [
      "MATH",
      "READING",
      "WRITING",
      "SCIENCE",
      "HISTORY"
    ],
    "grade": 4,
    "name": "Selma Lind",
    "id": 239,
    "frequency": 4
  },
  {
    "courses": [
      "READING",
      "HISTORY"
    ],
    "grade": 3,
    "name": "Betty Mosciski",
    "id": 240,
    "frequency": 5
  },
  {
    "courses": [
      "MATH",
      "SCIENCE"
    ],
    "grade": 7,
    "name": "Felton Yundt",
    "id": 241,
    "frequency": 6
  },
  {
    "courses": [
      "MATH",
      "SCIENCE",
      "HISTORY"
    ],
    "grade": 7,
    "name": "Jody O\u0027Keefe",
    "id": 242,
    "frequency": 3
  },
  {
    "courses": [
      "READING",
      "SCIENCE",
      "HISTORY"
    ],
    "grade": 6,
    "name": "Yung Ratke",
    "id": 243,
    "frequency": 2
  },
  {
    "courses": [
      "READING",
      "WRITING",
      "HISTORY"
    ],
    "grade": 4,
    "name": "Donte Huel",
    "id": 244,
    "frequency": 4
  },
  {
    "courses": [
      "WRITING",
      "SCIENCE"
    ],
    "grade": 11,
    "name": "Serafina Auer",
    "id": 245,
    "frequency": 2
  },
  {
    "courses": [
      "MATH",
      "READING",
      "WRITING",
      "SCIENCE",
      "HISTORY"
    ],
    "grade": 7,
    "name": "Keena Hackett",
    "id": 246,
    "frequency": 2
  },
  {
    "courses": [
      "MATH",
      "HISTORY"
    ],
    "grade": 11,
    "name": "Bernita Lakin",
    "id": 247,
    "frequency": 4
  },
  {
    "courses": [
      "READING",
      "SCIENCE",
      "HISTORY"
    ],
    "grade": 2,
    "name": "Barry Stehr",
    "id": 248,
    "frequency": 5
  },
  {
    "courses": [
      "HISTORY"
    ],
    "grade": 9,
    "name": "Blair VonRueden",
    "id": 249,
    "frequency": 2
  },
  {
    "courses": [
      "MATH",
      "READING",
      "WRITING"
    ],
    "grade": 4,
    "name": "Barabara Predovic",
    "id": 250,
    "frequency": 1
  },
  {
    "courses": [],
    "grade": 6,
    "name": "Willy Steuber",
    "id": 251,
    "frequency": 6
  },
  {
    "courses": [
      "READING",
      "WRITING",
      "HISTORY"
    ],
    "grade": 8,
    "name": "Jude Hilll",
    "id": 252,
    "frequency": 2
  },
  {
    "courses": [
      "MATH"
    ],
    "grade": 2,
    "name": "Margret Sawayn",
    "id": 253,
    "frequency": 3
  },
  {
    "courses": [
      "READING"
    ],
    "grade": 5,
    "name": "Chad Haley",
    "id": 254,
    "frequency": 3
  },
  {
    "courses": [
      "MATH",
      "READING",
      "WRITING",
      "SCIENCE"
    ],
    "grade": 11,
    "name": "Quentin Spinka",
    "id": 255,
    "frequency": 2
  },
  {
    "courses": [
      "READING",
      "WRITING"
    ],
    "grade": 11,
    "name": "Bradford O\u0027Keefe",
    "id": 256,
    "frequency": 2
  },
  {
    "courses": [
      "MATH",
      "READING",
      "WRITING",
      "SCIENCE",
      "HISTORY"
    ],
    "grade": 2,
    "name": "Tameka Boyer",
    "id": 257,
    "frequency": 3
  },
  {
    "courses": [],
    "grade": 8,
    "name": "Dedra Lesch",
    "id": 258,
    "frequency": 2
  },
  {
    "courses": [
      "READING",
      "WRITING",
      "SCIENCE"
    ],
    "grade": 2,
    "name": "Nadine Weimann",
    "id": 259,
    "frequency": 3
  },
  {
    "courses": [
      "MATH",
      "READING",
      "SCIENCE"
    ],
    "grade": 4,
    "name": "Erich Aufderhar",
    "id": 260,
    "frequency": 2
  },
  {
    "courses": [
      "HISTORY"
    ],
    "grade": 8,
    "name": "Teodoro Mante",
    "id": 261,
    "frequency": 4
  },
  {
    "courses": [
      "SCIENCE",
      "HISTORY"
    ],
    "grade": 4,
    "name": "Nona Jones",
    "id": 262,
    "frequency": 5
  },
  {
    "courses": [
      "MATH",
      "READING",
      "WRITING"
    ],
    "grade": 6,
    "name": "Ronald Marquardt",
    "id": 263,
    "frequency": 4
  },
  {
    "courses": [
      "MATH",
      "SCIENCE"
    ],
    "grade": 4,
    "name": "Grace Dibbert",
    "id": 264,
    "frequency": 3
  },
  {
    "courses": [
      "MATH",
      "READING",
      "WRITING"
    ],
    "grade": 2,
    "name": "Jarrod Okuneva",
    "id": 265,
    "frequency": 4
  },
  {
    "courses": [
      "MATH",
      "READING"
    ],
    "grade": 7,
    "name": "Salvatore Ebert",
    "id": 266,
    "frequency": 4
  },
  {
    "courses": [
      "MATH",
      "SCIENCE",
      "HISTORY"
    ],
    "grade": 10,
    "name": "Alonso Gutkowski",
    "id": 267,
    "frequency": 4
  },
  {
    "courses": [
      "READING",
      "WRITING",
      "SCIENCE"
    ],
    "grade": 5,
    "name": "Rosena Rodriguez",
    "id": 268,
    "frequency": 3
  },
  {
    "courses": [
      "WRITING",
      "SCIENCE"
    ],
    "grade": 6,
    "name": "Fermin Larson",
    "id": 269,
    "frequency": 3
  },
  {
    "courses": [
      "MATH",
      "READING",
      "WRITING"
    ],
    "grade": 7,
    "name": "Eliz Langosh",
    "id": 270,
    "frequency": 5
  },
  {
    "courses": [
      "MATH",
      "READING"
    ],
    "grade": 10,
    "name": "Rebbecca Bernier",
    "id": 271,
    "frequency": 5
  },
  {
    "courses": [
      "MATH",
      "HISTORY"
    ],
    "grade": 5,
    "name": "Archie Willms",
    "id": 272,
    "frequency": 2
  },
  {
    "courses": [
      "READING",
      "SCIENCE"
    ],
    "grade": 6,
    "name": "Wynona Miller",
    "id": 273,
    "frequency": 6
  },
  {
    "courses": [
      "MATH",
      "READING",
      "SCIENCE"
    ],
    "grade": 4,
    "name": "Meagan Schultz",
    "id": 274,
    "frequency": 2
  },
  {
    "courses": [
      "MATH",
      "READING"
    ],
    "grade": 6,
    "name": "Tyra McGlynn",
    "id": 275,
    "frequency": 4
  },
  {
    "courses": [
      "MATH",
      "WRITING",
      "HISTORY"
    ],
    "grade": 7,
    "name": "Isa Wolf",
    "id": 276,
    "frequency": 4
  },
  {
    "courses": [
      "WRITING",
      "SCIENCE"
    ],
    "grade": 9,
    "name": "Harlan Balistreri",
    "id": 277,
    "frequency": 5
  },
  {
    "courses": [
      "MATH",
      "WRITING",
      "SCIENCE"
    ],
    "grade": 8,
    "name": "Melda Vandervort",
    "id": 278,
    "frequency": 6
  },
  {
    "courses": [
      "MATH",
      "READING",
      "WRITING",
      "SCIENCE",
      "HISTORY"
    ],
    "grade": 6,
    "name": "Donald Gutmann",
    "id": 279,
    "frequency": 4
  },
  {
    "courses": [
      "WRITING"
    ],
    "grade": 2,
    "name": "Ryan Ebert",
    "id": 280,
    "frequency": 2
  },
  {
    "courses": [
      "MATH",
      "WRITING"
    ],
    "grade": 9,
    "name": "Michel Padberg",
    "id": 281,
    "frequency": 5
  },
  {
    "courses": [
      "MATH",
      "WRITING",
      "HISTORY"
    ],
    "grade": 10,
    "name": "Renata Gottlieb",
    "id": 282,
    "frequency": 2
  },
  {
    "courses": [
      "MATH",
      "READING",
      "WRITING",
      "SCIENCE",
      "HISTORY"
    ],
    "grade": 3,
    "name": "Twyla Krajcik",
    "id": 283,
    "frequency": 4
  },
  {
    "courses": [
      "MATH",
      "WRITING",
      "SCIENCE",
      "HISTORY"
    ],
    "grade": 6,
    "name": "Chauncey Green",
    "id": 284,
    "frequency": 3
  },
  {
    "courses": [
      "MATH",
      "WRITING",
      "SCIENCE",
      "HISTORY"
    ],
    "grade": 3,
    "name": "Donnell Ferry",
    "id": 285,
    "frequency": 6
  },
  {
    "courses": [
      "MATH",
      "WRITING",
      "HISTORY"
    ],
    "grade": 5,
    "name": "Amberly Hoppe",
    "id": 286,
    "frequency": 4
  },
  {
    "courses": [
      "READING",
      "WRITING",
      "SCIENCE",
      "HISTORY"
    ],
    "grade": 5,
    "name": "Donald Satterfield",
    "id": 287,
    "frequency": 5
  },
  {
    "courses": [
      "MATH",
      "READING",
      "WRITING",
      "SCIENCE"
    ],
    "grade": 9,
    "name": "Emilio Cronin",
    "id": 288,
    "frequency": 4
  },
  {
    "courses": [
      "READING"
    ],
    "grade": 3,
    "name": "Darrell MacGyver",
    "id": 289,
    "frequency": 3
  },
  {
    "courses": [
      "WRITING",
      "HISTORY"
    ],
    "grade": 9,
    "name": "Marcia Wisoky",
    "id": 290,
    "frequency": 5
  },
  {
    "courses": [
      "READING",
      "SCIENCE"
    ],
    "grade": 2,
    "name": "Ambrose Huels",
    "id": 291,
    "frequency": 4
  },
  {
    "courses": [
      "MATH"
    ],
    "grade": 11,
    "name": "Reginia Quigley",
    "id": 292,
    "frequency": 5
  },
  {
    "courses": [
      "MATH",
      "READING",
      "SCIENCE",
      "HISTORY"
    ],
    "grade": 8,
    "name": "Santo Legros",
    "id": 293,
    "frequency": 3
  },
  {
    "courses": [
      "MATH",
      "WRITING",
      "SCIENCE",
      "HISTORY"
    ],
    "grade": 3,
    "name": "Rayna McKenzie",
    "id": 294,
    "frequency": 1
  },
  {
    "courses": [
      "MATH",
      "READING",
      "SCIENCE",
      "HISTORY"
    ],
    "grade": 9,
    "name": "Lindy Trantow",
    "id": 295,
    "frequency": 6
  },
  {
    "courses": [
      "WRITING"
    ],
    "grade": 11,
    "name": "Willow Lowe",
    "id": 296,
    "frequency": 5
  },
  {
    "courses": [
      "MATH",
      "READING",
      "WRITING",
      "SCIENCE",
      "HISTORY"
    ],
    "grade": 10,
    "name": "Luis Kuhic",
    "id": 297,
    "frequency": 4
  },
  {
    "courses": [
      "MATH",
      "READING",
      "WRITING",
      "SCIENCE"
    ],
    "grade": 1,
    "name": "Jody Simonis",
    "id": 298,
    "frequency": 5
  },
  {
    "courses": [
      "READING",
      "WRITING",
      "SCIENCE",
      "HISTORY"
    ],
    "grade": 2,
    "name": "Milan Willms",
    "id": 299,
    "frequency": 2
  },
  {
    "courses": [
      "MATH",
      "READING",
      "SCIENCE",
      "HISTORY"
    ],
    "grade": 8,
    "name": "Luigi O\u0027Conner",
    "id": 300,
    "frequency": 2
  },
  {
    "courses": [
      "MATH",
      "WRITING",
      "SCIENCE"
    ],
    "grade": 4,
    "name": "Delora Kemmer",
    "id": 301,
    "frequency": 5
  },
  {
    "courses": [
      "MATH",
      "HISTORY"
    ],
    "grade": 9,
    "name": "Kathryn Kunde",
    "id": 302,
    "frequency": 6
  },
  {
    "courses": [
      "READING",
      "SCIENCE",
      "HISTORY"
    ],
    "grade": 9,
    "name": "Myra Crona",
    "id": 303,
    "frequency": 4
  },
  {
    "courses": [
      "MATH",
      "READING",
      "WRITING",
      "HISTORY"
    ],
    "grade": 9,
    "name": "Lizzette Ritchie",
    "id": 304,
    "frequency": 6
  },
  {
    "courses": [
      "HISTORY"
    ],
    "grade": 8,
    "name": "Elna Borer",
    "id": 305,
    "frequency": 6
  },
  {
    "courses": [
      "MATH",
      "SCIENCE",
      "HISTORY"
    ],
    "grade": 5,
    "name": "Bernadette Cronin",
    "id": 306,
    "frequency": 1
  },
  {
    "courses": [
      "MATH",
      "READING",
      "SCIENCE",
      "HISTORY"
    ],
    "grade": 8,
    "name": "Shane Satterfield",
    "id": 307,
    "frequency": 5
  },
  {
    "courses": [
      "READING",
      "WRITING"
    ],
    "grade": 4,
    "name": "Omar Greenholt",
    "id": 308,
    "frequency": 6
  },
  {
    "courses": [
      "READING",
      "WRITING",
      "SCIENCE"
    ],
    "grade": 7,
    "name": "Sherice Dickinson",
    "id": 309,
    "frequency": 1
  },
  {
    "courses": [
      "MATH",
      "WRITING",
      "SCIENCE"
    ],
    "grade": 1,
    "name": "Loraine Kessler",
    "id": 310,
    "frequency": 6
  },
  {
    "courses": [
      "WRITING",
      "SCIENCE"
    ],
    "grade": 7,
    "name": "Elvina Kerluke",
    "id": 311,
    "frequency": 4
  },
  {
    "courses": [
      "MATH",
      "READING",
      "WRITING",
      "HISTORY"
    ],
    "grade": 9,
    "name": "Reita Sporer",
    "id": 312,
    "frequency": 6
  },
  {
    "courses": [
      "READING",
      "WRITING",
      "SCIENCE",
      "HISTORY"
    ],
    "grade": 3,
    "name": "Danae Adams",
    "id": 313,
    "frequency": 5
  },
  {
    "courses": [
      "MATH",
      "SCIENCE"
    ],
    "grade": 10,
    "name": "Reed Yundt",
    "id": 314,
    "frequency": 4
  },
  {
    "courses": [
      "READING",
      "SCIENCE"
    ],
    "grade": 2,
    "name": "Mallie Goldner",
    "id": 315,
    "frequency": 4
  },
  {
    "courses": [
      "MATH",
      "READING",
      "WRITING",
      "SCIENCE"
    ],
    "grade": 5,
    "name": "Ward Schamberger",
    "id": 316,
    "frequency": 6
  },
  {
    "courses": [
      "MATH",
      "HISTORY"
    ],
    "grade": 5,
    "name": "Sol Johnston",
    "id": 317,
    "frequency": 5
  },
  {
    "courses": [],
    "grade": 5,
    "name": "Colby Gibson",
    "id": 318,
    "frequency": 5
  },
  {
    "courses": [
      "WRITING",
      "SCIENCE"
    ],
    "grade": 9,
    "name": "Lore Hickle",
    "id": 319,
    "frequency": 4
  },
  {
    "courses": [
      "MATH",
      "SCIENCE"
    ],
    "grade": 11,
    "name": "Rachele Douglas",
    "id": 320,
    "frequency": 5
  },
  {
    "courses": [
      "WRITING",
      "SCIENCE"
    ],
    "grade": 5,
    "name": "Jacinto Shanahan",
    "id": 321,
    "frequency": 4
  },
  {
    "courses": [
      "READING",
      "SCIENCE"
    ],
    "grade": 4,
    "name": "Maurine Moore",
    "id": 322,
    "frequency": 6
  },
  {
    "courses": [
      "MATH",
      "WRITING",
      "SCIENCE",
      "HISTORY"
    ],
    "grade": 8,
    "name": "Ernie Lind",
    "id": 323,
    "frequency": 1
  },
  {
    "courses": [
      "MATH",
      "READING",
      "WRITING",
      "HISTORY"
    ],
    "grade": 11,
    "name": "Lindsey Orn",
    "id": 324,
    "frequency": 6
  },
  {
    "courses": [
      "MATH",
      "READING",
      "WRITING"
    ],
    "grade": 2,
    "name": "Dwight Kohler",
    "id": 325,
    "frequency": 5
  },
  {
    "courses": [
      "MATH",
      "WRITING",
      "HISTORY"
    ],
    "grade": 7,
    "name": "Hortense Hagenes",
    "id": 326,
    "frequency": 5
  },
  {
    "courses": [
      "MATH",
      "READING",
      "SCIENCE",
      "HISTORY"
    ],
    "grade": 4,
    "name": "Ruthanne Langosh",
    "id": 327,
    "frequency": 6
  },
  {
    "courses": [
      "SCIENCE"
    ],
    "grade": 10,
    "name": "Florencia Kshlerin",
    "id": 328,
    "frequency": 5
  },
  {
    "courses": [
      "READING",
      "WRITING",
      "SCIENCE",
      "HISTORY"
    ],
    "grade": 1,
    "name": "Daren Boehm",
    "id": 329,
    "frequency": 2
  },
  {
    "courses": [
      "MATH",
      "SCIENCE"
    ],
    "grade": 9,
    "name": "Willena O\u0027Connell",
    "id": 330,
    "frequency": 5
  },
  {
    "courses": [
      "READING",
      "WRITING",
      "HISTORY"
    ],
    "grade": 5,
    "name": "Leland Huels",
    "id": 331,
    "frequency": 2
  },
  {
    "courses": [
      "READING"
    ],
    "grade": 1,
    "name": "Fermin Renner",
    "id": 332,
    "frequency": 3
  },
  {
    "courses": [
      "READING",
      "WRITING",
      "SCIENCE"
    ],
    "grade": 11,
    "name": "Omer Kling",
    "id": 333,
    "frequency": 6
  },
  {
    "courses": [
      "MATH",
      "SCIENCE",
      "HISTORY"
    ],
    "grade": 11,
    "name": "Joel Wisoky",
    "id": 334,
    "frequency": 4
  },
  {
    "courses": [
      "WRITING",
      "SCIENCE"
    ],
    "grade": 4,
    "name": "Velda Hyatt",
    "id": 335,
    "frequency": 3
  },
  {
    "courses": [
      "WRITING",
      "HISTORY"
    ],
    "grade": 5,
    "name": "Brice Sporer",
    "id": 336,
    "frequency": 2
  },
  {
    "courses": [
      "HISTORY"
    ],
    "grade": 4,
    "name": "Winifred Abernathy",
    "id": 337,
    "frequency": 5
  },
  {
    "courses": [],
    "grade": 11,
    "name": "Alexis Hand",
    "id": 338,
    "frequency": 3
  },
  {
    "courses": [
      "READING",
      "SCIENCE"
    ],
    "grade": 10,
    "name": "Claudio Shanahan",
    "id": 339,
    "frequency": 2
  },
  {
    "courses": [
      "MATH",
      "READING",
      "WRITING",
      "SCIENCE"
    ],
    "grade": 7,
    "name": "Brendon Smith",
    "id": 340,
    "frequency": 3
  },
  {
    "courses": [
      "SCIENCE",
      "HISTORY"
    ],
    "grade": 7,
    "name": "Denny Bashirian",
    "id": 341,
    "frequency": 2
  },
  {
    "courses": [
      "MATH",
      "READING",
      "WRITING",
      "HISTORY"
    ],
    "grade": 10,
    "name": "Darcey Ward",
    "id": 342,
    "frequency": 4
  },
  {
    "courses": [
      "WRITING",
      "SCIENCE",
      "HISTORY"
    ],
    "grade": 5,
    "name": "Landon Kuhic",
    "id": 343,
    "frequency": 1
  },
  {
    "courses": [
      "READING",
      "SCIENCE",
      "HISTORY"
    ],
    "grade": 6,
    "name": "Delaine Ondricka",
    "id": 344,
    "frequency": 1
  },
  {
    "courses": [
      "WRITING",
      "SCIENCE",
      "HISTORY"
    ],
    "grade": 3,
    "name": "Owen Gleason",
    "id": 345,
    "frequency": 2
  },
  {
    "courses": [
      "WRITING",
      "SCIENCE",
      "HISTORY"
    ],
    "grade": 8,
    "name": "Terrell Bogan",
    "id": 346,
    "frequency": 2
  },
  {
    "courses": [
      "MATH",
      "READING",
      "SCIENCE",
      "HISTORY"
    ],
    "grade": 4,
    "name": "Ernesto Wisozk",
    "id": 347,
    "frequency": 3
  },
  {
    "courses": [
      "MATH",
      "READING",
      "WRITING",
      "HISTORY"
    ],
    "grade": 11,
    "name": "Collene Deckow",
    "id": 348,
    "frequency": 4
  },
  {
    "courses": [
      "READING",
      "WRITING"
    ],
    "grade": 5,
    "name": "Eldon Hilll",
    "id": 349,
    "frequency": 5
  },
  {
    "courses": [
      "SCIENCE"
    ],
    "grade": 6,
    "name": "Ola Gutkowski",
    "id": 350,
    "frequency": 4
  },
  {
    "courses": [
      "MATH",
      "SCIENCE"
    ],
    "grade": 10,
    "name": "Delbert Kling",
    "id": 351,
    "frequency": 6
  },
  {
    "courses": [
      "MATH",
      "WRITING",
      "HISTORY"
    ],
    "grade": 9,
    "name": "Perry Lind",
    "id": 352,
    "frequency": 2
  },
  {
    "courses": [
      "MATH",
      "SCIENCE"
    ],
    "grade": 3,
    "name": "Ivan Schmidt",
    "id": 353,
    "frequency": 3
  },
  {
    "courses": [
      "READING",
      "SCIENCE",
      "HISTORY"
    ],
    "grade": 3,
    "name": "Latisha Hoeger",
    "id": 354,
    "frequency": 6
  },
  {
    "courses": [
      "MATH",
      "WRITING",
      "SCIENCE",
      "HISTORY"
    ],
    "grade": 10,
    "name": "Charity Hudson",
    "id": 355,
    "frequency": 4
  },
  {
    "courses": [
      "WRITING"
    ],
    "grade": 4,
    "name": "Deangelo Cronin",
    "id": 356,
    "frequency": 3
  },
  {
    "courses": [
      "SCIENCE",
      "HISTORY"
    ],
    "grade": 11,
    "name": "Kenny Kuhn",
    "id": 357,
    "frequency": 5
  },
  {
    "courses": [
      "MATH",
      "HISTORY"
    ],
    "grade": 8,
    "name": "Jesus Satterfield",
    "id": 358,
    "frequency": 3
  },
  {
    "courses": [
      "READING",
      "SCIENCE"
    ],
    "grade": 5,
    "name": "Grazyna Prohaska",
    "id": 359,
    "frequency": 5
  },
  {
    "courses": [
      "READING",
      "SCIENCE"
    ],
    "grade": 2,
    "name": "Alphonso Windler",
    "id": 360,
    "frequency": 2
  },
  {
    "courses": [
      "MATH",
      "READING",
      "WRITING"
    ],
    "grade": 4,
    "name": "Alejandro Raynor",
    "id": 361,
    "frequency": 3
  },
  {
    "courses": [
      "MATH",
      "SCIENCE",
      "HISTORY"
    ],
    "grade": 5,
    "name": "Micki O\u0027Keefe",
    "id": 362,
    "frequency": 5
  },
  {
    "courses": [
      "READING"
    ],
    "grade": 2,
    "name": "Shante Baumbach",
    "id": 363,
    "frequency": 6
  },
  {
    "courses": [
      "MATH"
    ],
    "grade": 11,
    "name": "Dirk Fahey",
    "id": 364,
    "frequency": 3
  },
  {
    "courses": [
      "READING",
      "WRITING",
      "HISTORY"
    ],
    "grade": 9,
    "name": "Lekisha Batz",
    "id": 365,
    "frequency": 1
  },
  {
    "courses": [],
    "grade": 3,
    "name": "Eulalia Mohr",
    "id": 366,
    "frequency": 3
  },
  {
    "courses": [
      "READING",
      "WRITING",
      "SCIENCE"
    ],
    "grade": 9,
    "name": "Krystin Nikolaus",
    "id": 367,
    "frequency": 6
  },
  {
    "courses": [
      "READING",
      "SCIENCE"
    ],
    "grade": 8,
    "name": "Sharda Jast",
    "id": 368,
    "frequency": 1
  },
  {
    "courses": [
      "MATH",
      "WRITING"
    ],
    "grade": 6,
    "name": "Lila Mueller",
    "id": 369,
    "frequency": 5
  },
  {
    "courses": [
      "READING",
      "WRITING",
      "SCIENCE"
    ],
    "grade": 2,
    "name": "Mariano Stokes",
    "id": 370,
    "frequency": 3
  },
  {
    "courses": [
      "MATH",
      "READING",
      "WRITING",
      "SCIENCE"
    ],
    "grade": 10,
    "name": "Bud Howe",
    "id": 371,
    "frequency": 2
  },
  {
    "courses": [
      "MATH",
      "SCIENCE"
    ],
    "grade": 6,
    "name": "Naida Johnson",
    "id": 372,
    "frequency": 1
  },
  {
    "courses": [
      "READING"
    ],
    "grade": 3,
    "name": "Adam McLaughlin",
    "id": 373,
    "frequency": 1
  },
  {
    "courses": [
      "WRITING",
      "HISTORY"
    ],
    "grade": 4,
    "name": "Shawn Baumbach",
    "id": 374,
    "frequency": 3
  },
  {
    "courses": [
      "READING"
    ],
    "grade": 10,
    "name": "Khalilah Lebsack",
    "id": 375,
    "frequency": 1
  },
  {
    "courses": [
      "MATH",
      "READING",
      "WRITING",
      "SCIENCE"
    ],
    "grade": 3,
    "name": "Willian Heathcote",
    "id": 376,
    "frequency": 3
  },
  {
    "courses": [
      "MATH",
      "READING",
      "WRITING"
    ],
    "grade": 10,
    "name": "Barrett Graham",
    "id": 377,
    "frequency": 5
  },
  {
    "courses": [
      "WRITING",
      "SCIENCE",
      "HISTORY"
    ],
    "grade": 11,
    "name": "Gale Bechtelar",
    "id": 378,
    "frequency": 3
  },
  {
    "courses": [
      "READING",
      "WRITING",
      "HISTORY"
    ],
    "grade": 6,
    "name": "Joesph Hudson",
    "id": 379,
    "frequency": 6
  },
  {
    "courses": [
      "READING",
      "WRITING",
      "HISTORY"
    ],
    "grade": 1,
    "name": "Remona Nicolas",
    "id": 380,
    "frequency": 4
  },
  {
    "courses": [
      "SCIENCE",
      "HISTORY"
    ],
    "grade": 3,
    "name": "Jeremy McCullough",
    "id": 381,
    "frequency": 6
  },
  {
    "courses": [
      "WRITING",
      "SCIENCE"
    ],
    "grade": 6,
    "name": "Odell VonRueden",
    "id": 382,
    "frequency": 4
  },
  {
    "courses": [
      "MATH",
      "READING",
      "WRITING",
      "SCIENCE"
    ],
    "grade": 2,
    "name": "Henry Bednar",
    "id": 383,
    "frequency": 2
  },
  {
    "courses": [
      "READING",
      "WRITING",
      "SCIENCE",
      "HISTORY"
    ],
    "grade": 6,
    "name": "Franklyn Bogan",
    "id": 384,
    "frequency": 5
  },
  {
    "courses": [
      "READING",
      "SCIENCE"
    ],
    "grade": 10,
    "name": "Trenton Grant",
    "id": 385,
    "frequency": 1
  },
  {
    "courses": [
      "HISTORY"
    ],
    "grade": 5,
    "name": "Trent Bartoletti",
    "id": 386,
    "frequency": 2
  },
  {
    "courses": [
      "READING",
      "HISTORY"
    ],
    "grade": 6,
    "name": "Keturah Fahey",
    "id": 387,
    "frequency": 6
  },
  {
    "courses": [
      "MATH",
      "SCIENCE",
      "HISTORY"
    ],
    "grade": 9,
    "name": "Lissette Breitenberg",
    "id": 388,
    "frequency": 5
  },
  {
    "courses": [
      "MATH",
      "WRITING",
      "SCIENCE",
      "HISTORY"
    ],
    "grade": 9,
    "name": "Vince Green",
    "id": 389,
    "frequency": 6
  },
  {
    "courses": [
      "MATH",
      "READING",
      "WRITING"
    ],
    "grade": 7,
    "name": "Dina Gislason",
    "id": 390,
    "frequency": 3
  },
  {
    "courses": [
      "READING",
      "HISTORY"
    ],
    "grade": 11,
    "name": "Dominique Bauch",
    "id": 391,
    "frequency": 2
  },
  {
    "courses": [
      "READING",
      "WRITING",
      "SCIENCE",
      "HISTORY"
    ],
    "grade": 11,
    "name": "Gary Rowe",
    "id": 392,
    "frequency": 3
  },
  {
    "courses": [
      "READING",
      "WRITING"
    ],
    "grade": 10,
    "name": "Alden Abernathy",
    "id": 393,
    "frequency": 2
  },
  {
    "courses": [
      "MATH",
      "READING",
      "WRITING",
      "HISTORY"
    ],
    "grade": 5,
    "name": "Milissa Miller",
    "id": 394,
    "frequency": 4
  },
  {
    "courses": [
      "WRITING"
    ],
    "grade": 7,
    "name": "Shea Hackett",
    "id": 395,
    "frequency": 2
  },
  {
    "courses": [
      "READING",
      "WRITING",
      "HISTORY"
    ],
    "grade": 8,
    "name": "Shannon Emmerich",
    "id": 396,
    "frequency": 2
  },
  {
    "courses": [
      "WRITING",
      "SCIENCE",
      "HISTORY"
    ],
    "grade": 3,
    "name": "Lona Kemmer",
    "id": 397,
    "frequency": 4
  },
  {
    "courses": [
      "MATH",
      "READING"
    ],
    "grade": 5,
    "name": "Joaquin Bernier",
    "id": 398,
    "frequency": 4
  },
  {
    "courses": [
      "MATH",
      "WRITING",
      "SCIENCE"
    ],
    "grade": 11,
    "name": "Merle Jaskolski",
    "id": 399,
    "frequency": 5
  },
  {
    "courses": [
      "MATH",
      "READING",
      "WRITING",
      "HISTORY"
    ],
    "grade": 7,
    "name": "Evelyne Stark",
    "id": 400,
    "frequency": 3
  },
  {
    "courses": [
      "MATH",
      "READING"
    ],
    "grade": 3,
    "name": "Buddy Gusikowski",
    "id": 401,
    "frequency": 6
  },
  {
    "courses": [
      "READING",
      "WRITING",
      "SCIENCE",
      "HISTORY"
    ],
    "grade": 11,
    "name": "Johnna Bashirian",
    "id": 402,
    "frequency": 6
  },
  {
    "courses": [
      "MATH",
      "READING"
    ],
    "grade": 11,
    "name": "Phil Schowalter",
    "id": 403,
    "frequency": 3
  },
  {
    "courses": [
      "READING",
      "WRITING",
      "SCIENCE"
    ],
    "grade": 6,
    "name": "Herb Ritchie",
    "id": 404,
    "frequency": 3
  },
  {
    "courses": [
      "MATH",
      "READING",
      "WRITING",
      "HISTORY"
    ],
    "grade": 8,
    "name": "Lanelle Parisian",
    "id": 405,
    "frequency": 3
  },
  {
    "courses": [
      "MATH",
      "HISTORY"
    ],
    "grade": 5,
    "name": "Leon Witting",
    "id": 406,
    "frequency": 4
  },
  {
    "courses": [
      "MATH",
      "READING",
      "HISTORY"
    ],
    "grade": 4,
    "name": "Carmine Waelchi",
    "id": 407,
    "frequency": 2
  },
  {
    "courses": [
      "MATH",
      "READING",
      "WRITING"
    ],
    "grade": 5,
    "name": "Sonya Marks",
    "id": 408,
    "frequency": 2
  },
  {
    "courses": [
      "READING",
      "SCIENCE",
      "HISTORY"
    ],
    "grade": 11,
    "name": "Christinia Sipes",
    "id": 409,
    "frequency": 4
  },
  {
    "courses": [
      "MATH",
      "READING",
      "SCIENCE",
      "HISTORY"
    ],
    "grade": 11,
    "name": "Raphael Monahan",
    "id": 410,
    "frequency": 2
  },
  {
    "courses": [
      "READING",
      "WRITING",
      "SCIENCE",
      "HISTORY"
    ],
    "grade": 10,
    "name": "Aron Skiles",
    "id": 411,
    "frequency": 6
  },
  {
    "courses": [
      "READING"
    ],
    "grade": 5,
    "name": "Shanika Effertz",
    "id": 412,
    "frequency": 3
  },
  {
    "courses": [
      "MATH",
      "READING",
      "WRITING"
    ],
    "grade": 10,
    "name": "Malinda Ritchie",
    "id": 413,
    "frequency": 2
  },
  {
    "courses": [
      "READING",
      "WRITING"
    ],
    "grade": 9,
    "name": "Jc Brekke",
    "id": 414,
    "frequency": 3
  },
  {
    "courses": [
      "MATH",
      "SCIENCE"
    ],
    "grade": 9,
    "name": "Lean Schaden",
    "id": 415,
    "frequency": 3
  },
  {
    "courses": [
      "WRITING",
      "HISTORY"
    ],
    "grade": 4,
    "name": "Silva Lockman",
    "id": 416,
    "frequency": 4
  },
  {
    "courses": [
      "HISTORY"
    ],
    "grade": 8,
    "name": "Hailey Mayer",
    "id": 417,
    "frequency": 5
  },
  {
    "courses": [
      "READING"
    ],
    "grade": 3,
    "name": "Mariann Koelpin",
    "id": 418,
    "frequency": 6
  },
  {
    "courses": [
      "MATH",
      "WRITING",
      "SCIENCE"
    ],
    "grade": 10,
    "name": "Ronny Pacocha",
    "id": 419,
    "frequency": 2
  },
  {
    "courses": [
      "READING",
      "WRITING",
      "SCIENCE"
    ],
    "grade": 9,
    "name": "Elbert Mante",
    "id": 420,
    "frequency": 1
  },
  {
    "courses": [
      "MATH",
      "READING",
      "WRITING",
      "SCIENCE",
      "HISTORY"
    ],
    "grade": 9,
    "name": "Stephen Lynch",
    "id": 421,
    "frequency": 6
  },
  {
    "courses": [
      "MATH",
      "WRITING"
    ],
    "grade": 1,
    "name": "Faustino Quigley",
    "id": 422,
    "frequency": 5
  },
  {
    "courses": [
      "MATH",
      "SCIENCE",
      "HISTORY"
    ],
    "grade": 10,
    "name": "Wynona Watsica",
    "id": 423,
    "frequency": 2
  },
  {
    "courses": [
      "READING",
      "WRITING",
      "SCIENCE",
      "HISTORY"
    ],
    "grade": 5,
    "name": "Horace Parisian",
    "id": 424,
    "frequency": 5
  },
  {
    "courses": [
      "MATH",
      "READING",
      "WRITING",
      "SCIENCE"
    ],
    "grade": 4,
    "name": "Alejandrina Marks",
    "id": 425,
    "frequency": 3
  },
  {
    "courses": [
      "MATH",
      "READING",
      "WRITING",
      "SCIENCE"
    ],
    "grade": 7,
    "name": "Timothy Lang",
    "id": 426,
    "frequency": 1
  },
  {
    "courses": [
      "READING",
      "WRITING"
    ],
    "grade": 11,
    "name": "Nakisha Watsica",
    "id": 427,
    "frequency": 6
  },
  {
    "courses": [
      "MATH",
      "READING",
      "WRITING"
    ],
    "grade": 4,
    "name": "Glen Kohler",
    "id": 428,
    "frequency": 3
  },
  {
    "courses": [
      "MATH",
      "READING",
      "SCIENCE",
      "HISTORY"
    ],
    "grade": 3,
    "name": "Milton Bernhard",
    "id": 429,
    "frequency": 3
  },
  {
    "courses": [
      "MATH",
      "WRITING"
    ],
    "grade": 8,
    "name": "Lily Parisian",
    "id": 430,
    "frequency": 2
  },
  {
    "courses": [
      "MATH",
      "READING",
      "HISTORY"
    ],
    "grade": 5,
    "name": "Nadene Fritsch",
    "id": 431,
    "frequency": 6
  },
  {
    "courses": [
      "WRITING",
      "HISTORY"
    ],
    "grade": 1,
    "name": "Quentin Leannon",
    "id": 432,
    "frequency": 2
  },
  {
    "courses": [
      "MATH"
    ],
    "grade": 11,
    "name": "Guillermo Zemlak",
    "id": 433,
    "frequency": 5
  },
  {
    "courses": [
      "MATH"
    ],
    "grade": 4,
    "name": "Derick Quigley",
    "id": 434,
    "frequency": 4
  },
  {
    "courses": [
      "WRITING"
    ],
    "grade": 9,
    "name": "Emely Rau",
    "id": 435,
    "frequency": 5
  },
  {
    "courses": [
      "MATH",
      "READING",
      "WRITING",
      "SCIENCE",
      "HISTORY"
    ],
    "grade": 10,
    "name": "Eddy Towne",
    "id": 436,
    "frequency": 6
  },
  {
    "courses": [
      "MATH",
      "READING",
      "WRITING"
    ],
    "grade": 8,
    "name": "Sebastian Macejkovic",
    "id": 437,
    "frequency": 2
  },
  {
    "courses": [
      "HISTORY"
    ],
    "grade": 9,
    "name": "Charlyn Gerhold",
    "id": 438,
    "frequency": 5
  },
  {
    "courses": [
      "MATH",
      "SCIENCE"
    ],
    "grade": 6,
    "name": "Beula Fisher",
    "id": 439,
    "frequency": 4
  },
  {
    "courses": [
      "MATH",
      "READING"
    ],
    "grade": 7,
    "name": "Ron O\u0027Kon",
    "id": 440,
    "frequency": 2
  },
  {
    "courses": [
      "READING",
      "WRITING",
      "SCIENCE",
      "HISTORY"
    ],
    "grade": 8,
    "name": "Roseline Streich",
    "id": 441,
    "frequency": 6
  },
  {
    "courses": [
      "MATH",
      "READING",
      "WRITING"
    ],
    "grade": 3,
    "name": "Lexie Altenwerth",
    "id": 442,
    "frequency": 4
  },
  {
    "courses": [
      "SCIENCE",
      "HISTORY"
    ],
    "grade": 7,
    "name": "Charlotte Kessler",
    "id": 443,
    "frequency": 5
  },
  {
    "courses": [
      "READING",
      "WRITING",
      "SCIENCE",
      "HISTORY"
    ],
    "grade": 4,
    "name": "Bryant Connelly",
    "id": 444,
    "frequency": 3
  },
  {
    "courses": [
      "MATH",
      "READING",
      "SCIENCE",
      "HISTORY"
    ],
    "grade": 10,
    "name": "Sylvester Schmitt",
    "id": 445,
    "frequency": 3
  },
  {
    "courses": [
      "WRITING",
      "SCIENCE",
      "HISTORY"
    ],
    "grade": 11,
    "name": "Reinaldo Mertz",
    "id": 446,
    "frequency": 1
  },
  {
    "courses": [
      "READING"
    ],
    "grade": 2,
    "name": "Linh Lakin",
    "id": 447,
    "frequency": 5
  },
  {
    "courses": [
      "READING",
      "WRITING",
      "HISTORY"
    ],
    "grade": 11,
    "name": "Ian Kshlerin",
    "id": 448,
    "frequency": 3
  },
  {
    "courses": [
      "READING",
      "WRITING",
      "HISTORY"
    ],
    "grade": 11,
    "name": "Allyson Robel",
    "id": 449,
    "frequency": 2
  },
  {
    "courses": [
      "WRITING",
      "SCIENCE",
      "HISTORY"
    ],
    "grade": 7,
    "name": "Rudolph Considine",
    "id": 450,
    "frequency": 5
  },
  {
    "courses": [
      "SCIENCE",
      "HISTORY"
    ],
    "grade": 7,
    "name": "Lamonica Schaefer",
    "id": 451,
    "frequency": 1
  },
  {
    "courses": [
      "MATH",
      "READING",
      "HISTORY"
    ],
    "grade": 11,
    "name": "Santa Nolan",
    "id": 452,
    "frequency": 3
  },
  {
    "courses": [
      "MATH",
      "READING",
      "SCIENCE",
      "HISTORY"
    ],
    "grade": 10,
    "name": "Allan Ward",
    "id": 453,
    "frequency": 1
  },
  {
    "courses": [
      "WRITING",
      "SCIENCE",
      "HISTORY"
    ],
    "grade": 3,
    "name": "Asha Boehm",
    "id": 454,
    "frequency": 4
  },
  {
    "courses": [],
    "grade": 5,
    "name": "Adrianna Hirthe",
    "id": 455,
    "frequency": 4
  },
  {
    "courses": [
      "MATH",
      "WRITING",
      "SCIENCE",
      "HISTORY"
    ],
    "grade": 8,
    "name": "Angel Streich",
    "id": 456,
    "frequency": 1
  },
  {
    "courses": [
      "READING",
      "WRITING",
      "SCIENCE",
      "HISTORY"
    ],
    "grade": 2,
    "name": "Palmer Morissette",
    "id": 457,
    "frequency": 4
  },
  {
    "courses": [
      "READING",
      "WRITING",
      "SCIENCE"
    ],
    "grade": 8,
    "name": "Earle Johns",
    "id": 458,
    "frequency": 1
  },
  {
    "courses": [
      "MATH",
      "READING",
      "WRITING",
      "HISTORY"
    ],
    "grade": 10,
    "name": "Perry Oberbrunner",
    "id": 459,
    "frequency": 2
  },
  {
    "courses": [
      "READING"
    ],
    "grade": 8,
    "name": "Roy Schaden",
    "id": 460,
    "frequency": 3
  },
  {
    "courses": [
      "MATH",
      "HISTORY"
    ],
    "grade": 10,
    "name": "Mitch Mohr",
    "id": 461,
    "frequency": 3
  },
  {
    "courses": [
      "READING",
      "WRITING",
      "SCIENCE"
    ],
    "grade": 8,
    "name": "Marcelene Quitzon",
    "id": 462,
    "frequency": 1
  },
  {
    "courses": [
      "MATH",
      "SCIENCE"
    ],
    "grade": 2,
    "name": "Lacy Flatley",
    "id": 463,
    "frequency": 6
  },
  {
    "courses": [
      "MATH",
      "WRITING",
      "HISTORY"
    ],
    "grade": 6,
    "name": "Len Metz",
    "id": 464,
    "frequency": 5
  },
  {
    "courses": [
      "MATH",
      "READING",
      "WRITING",
      "SCIENCE",
      "HISTORY"
    ],
    "grade": 2,
    "name": "Myron Hartmann",
    "id": 465,
    "frequency": 6
  },
  {
    "courses": [
      "WRITING",
      "HISTORY"
    ],
    "grade": 8,
    "name": "Shery Schulist",
    "id": 466,
    "frequency": 4
  },
  {
    "courses": [
      "READING",
      "WRITING",
      "SCIENCE",
      "HISTORY"
    ],
    "grade": 2,
    "name": "Marinda Schaefer",
    "id": 467,
    "frequency": 3
  },
  {
    "courses": [
      "READING",
      "HISTORY"
    ],
    "grade": 4,
    "name": "Will Abernathy",
    "id": 468,
    "frequency": 5
  },
  {
    "courses": [
      "MATH",
      "READING",
      "HISTORY"
    ],
    "grade": 1,
    "name": "Danette Bartell",
    "id": 469,
    "frequency": 5
  },
  {
    "courses": [
      "MATH",
      "WRITING",
      "SCIENCE",
      "HISTORY"
    ],
    "grade": 4,
    "name": "Demetra Schultz",
    "id": 470,
    "frequency": 3
  },
  {
    "courses": [
      "MATH",
      "WRITING",
      "SCIENCE",
      "HISTORY"
    ],
    "grade": 6,
    "name": "Rochel Greenfelder",
    "id": 471,
    "frequency": 5
  },
  {
    "courses": [
      "WRITING"
    ],
    "grade": 9,
    "name": "Michaela Murazik",
    "id": 472,
    "frequency": 5
  },
  {
    "courses": [
      "WRITING",
      "SCIENCE"
    ],
    "grade": 9,
    "name": "Margeret Jaskolski",
    "id": 473,
    "frequency": 3
  },
  {
    "courses": [
      "READING",
      "HISTORY"
    ],
    "grade": 10,
    "name": "Zack Kuhic",
    "id": 474,
    "frequency": 5
  },
  {
    "courses": [
      "MATH",
      "READING",
      "SCIENCE",
      "HISTORY"
    ],
    "grade": 6,
    "name": "Jacquelin Dickinson",
    "id": 475,
    "frequency": 1
  },
  {
    "courses": [
      "MATH",
      "READING",
      "WRITING",
      "HISTORY"
    ],
    "grade": 4,
    "name": "Titus Lind",
    "id": 476,
    "frequency": 3
  },
  {
    "courses": [
      "MATH",
      "WRITING",
      "SCIENCE",
      "HISTORY"
    ],
    "grade": 6,
    "name": "Angella Stoltenberg",
    "id": 477,
    "frequency": 2
  },
  {
    "courses": [
      "READING",
      "WRITING",
      "SCIENCE"
    ],
    "grade": 11,
    "name": "Carylon Mosciski",
    "id": 478,
    "frequency": 3
  },
  {
    "courses": [
      "MATH",
      "READING",
      "SCIENCE"
    ],
    "grade": 6,
    "name": "Philip Kessler",
    "id": 479,
    "frequency": 4
  },
  {
    "courses": [
      "MATH",
      "READING",
      "SCIENCE",
      "HISTORY"
    ],
    "grade": 2,
    "name": "Joan Casper",
    "id": 480,
    "frequency": 6
  },
  {
    "courses": [
      "READING",
      "HISTORY"
    ],
    "grade": 8,
    "name": "Reynaldo DuBuque",
    "id": 481,
    "frequency": 5
  },
  {
    "courses": [
      "SCIENCE",
      "HISTORY"
    ],
    "grade": 11,
    "name": "Buddy Ziemann",
    "id": 482,
    "frequency": 3
  },
  {
    "courses": [
      "WRITING"
    ],
    "grade": 2,
    "name": "Julieann Koch",
    "id": 483,
    "frequency": 2
  },
  {
    "courses": [
      "MATH",
      "WRITING",
      "SCIENCE"
    ],
    "grade": 5,
    "name": "Milton Kuvalis",
    "id": 484,
    "frequency": 6
  },
  {
    "courses": [
      "MATH",
      "WRITING"
    ],
    "grade": 11,
    "name": "Wilma Jenkins",
    "id": 485,
    "frequency": 6
  },
  {
    "courses": [
      "MATH",
      "HISTORY"
    ],
    "grade": 2,
    "name": "Derick Bartoletti",
    "id": 486,
    "frequency": 6
  },
  {
    "courses": [
      "MATH",
      "READING",
      "WRITING",
      "SCIENCE"
    ],
    "grade": 2,
    "name": "Aleisha Parker",
    "id": 487,
    "frequency": 6
  },
  {
    "courses": [
      "WRITING",
      "SCIENCE"
    ],
    "grade": 9,
    "name": "Bernard Lesch",
    "id": 488,
    "frequency": 4
  },
  {
    "courses": [
      "READING",
      "WRITING",
      "HISTORY"
    ],
    "grade": 4,
    "name": "Russel Torp",
    "id": 489,
    "frequency": 3
  },
  {
    "courses": [
      "READING",
      "WRITING",
      "SCIENCE",
      "HISTORY"
    ],
    "grade": 10,
    "name": "Hellen Schamberger",
    "id": 490,
    "frequency": 4
  },
  {
    "courses": [
      "MATH",
      "READING",
      "SCIENCE"
    ],
    "grade": 8,
    "name": "Setsuko Hayes",
    "id": 491,
    "frequency": 3
  },
  {
    "courses": [
      "MATH",
      "READING",
      "WRITING",
      "SCIENCE"
    ],
    "grade": 4,
    "name": "Zena Welch",
    "id": 492,
    "frequency": 2
  },
  {
    "courses": [
      "MATH",
      "READING",
      "WRITING",
      "HISTORY"
    ],
    "grade": 5,
    "name": "Dallas Walter",
    "id": 493,
    "frequency": 2
  },
  {
    "courses": [
      "MATH",
      "READING",
      "HISTORY"
    ],
    "grade": 4,
    "name": "Rubye Stehr",
    "id": 494,
    "frequency": 6
  },
  {
    "courses": [
      "MATH",
      "READING",
      "WRITING",
      "SCIENCE"
    ],
    "grade": 11,
    "name": "Lance Hackett",
    "id": 495,
    "frequency": 4
  },
  {
    "courses": [
      "HISTORY"
    ],
    "grade": 1,
    "name": "Ingrid Johns",
    "id": 496,
    "frequency": 6
  },
  {
    "courses": [
      "READING",
      "WRITING",
      "SCIENCE",
      "HISTORY"
    ],
    "grade": 10,
    "name": "Ewa Goldner",
    "id": 497,
    "frequency": 5
  },
  {
    "courses": [
      "READING"
    ],
    "grade": 9,
    "name": "Carmel Koelpin",
    "id": 498,
    "frequency": 3
  },
  {
    "courses": [
      "READING",
      "HISTORY"
    ],
    "grade": 1,
    "name": "Elton Kautzer",
    "id": 499,
    "frequency": 2
  }
]