[
  {
    "proficientCourses": [
      "READING",
      "MATH",
      "WRITING",
      "SCIENCE"
    ],
    "name": "Madison Lockman",
    "rating": 1.4,
    "id": 0,
    "proficiency": {
      "READING": 10,
      "MATH": 5,
      "HISTORY": 4,
      "WRITING": 7,
      "SCIENCE": 10
    },
    "capacity": 10
  },
  {
    "proficientCourses": [
      "SCIENCE"
    ],
    "name": "Kaitlyn McGlynn",
    "rating": 2.55,
    "id": 1,
    "proficiency": {
      "READING": 3,
      "MATH": 3,
      "HISTORY": 1,
      "WRITING": 3,
      "SCIENCE": 9
    },
    "capacity": 4
  },
  {
    "proficientCourses": [
      "READING",
      "MATH"
    ],
    "name": "Merissa Fay",
    "rating": 4.94,
    "id": 2,
    "proficiency": {
      "READING": 5,
      "MATH": 7,
      "HISTORY": 4,
      "WRITING": 4,
      "SCIENCE": 2
    },
    "capacity": 9
  },
  {
    "proficientCourses": [
      "MATH",
      "HISTORY"
    ],
    "name": "Jan Jacobs",
    "rating": 3.85,
    "id": 3,
    "proficiency": {
      "READING": 1,
      "MATH": 5,
      "HISTORY": 8,
      "WRITING": 4,
      "SCIENCE": 4
    },
    "capacity": 9
  },
  {
    "proficientCourses": [
      "READING",
      "HISTORY",
      "SCIENCE"
    ],
    "name": "Vicky Strosin",
    "rating": 2.66,
    "id": 4,
    "proficiency": {
      "READING": 10,
      "MATH": 3,
      "HISTORY": 10,
      "WRITING": 1,
      "SCIENCE": 9
    },
    "capacity": 5
  },
  {
    "proficientCourses": [
      "SCIENCE"
    ],
    "name": "Lesli Vandervort",
    "rating": 0.28,
    "id": 5,
    "proficiency": {
      "READING": 3,
      "MATH": 1,
      "HISTORY": 1,
      "WRITING": 2,
      "SCIENCE": 6
    },
    "capacity": 10
  },
  {
    "proficientCourses": [
      "MATH",
      "WRITING",
      "SCIENCE"
    ],
    "name": "Krystin Osinski",
    "rating": 3.94,
    "id": 6,
    "proficiency": {
      "READING": 4,
      "MATH": 9,
      "HISTORY": 3,
      "WRITING": 7,
      "SCIENCE": 10
    },
    "capacity": 7
  },
  {
    "proficientCourses": [
      "HISTORY",
      "WRITING"
    ],
    "name": "Jerome Schaefer",
    "rating": 4.56,
    "id": 7,
    "proficiency": {
      "READING": 4,
      "MATH": 4,
      "HISTORY": 8,
      "WRITING": 10,
      "SCIENCE": 4
    },
    "capacity": 5
  },
  {
    "proficientCourses": [
      "READING",
      "HISTORY",
      "WRITING",
      "SCIENCE"
    ],
    "name": "Ezekiel Hauck",
    "rating": 4.87,
    "id": 8,
    "proficiency": {
      "READING": 7,
      "MATH": 3,
      "HISTORY": 8,
      "WRITING": 6,
      "SCIENCE": 6
    },
    "capacity": 4
  },
  {
    "proficientCourses": [
      "READING",
      "MATH",
      "WRITING",
      "SCIENCE"
    ],
    "name": "Cristie Murphy",
    "rating": 9.31,
    "id": 9,
    "proficiency": {
      "READING": 5,
      "MATH": 7,
      "HISTORY": 1,
      "WRITING": 8,
      "SCIENCE": 7
    },
    "capacity": 8
  },
  {
    "proficientCourses": [
      "WRITING"
    ],
    "name": "Starla Predovic",
    "rating": 0.69,
    "id": 10,
    "proficiency": {
      "READING": 1,
      "MATH": 1,
      "HISTORY": 2,
      "WRITING": 7,
      "SCIENCE": 1
    },
    "capacity": 6
  },
  {
    "proficientCourses": [
      "MATH",
      "HISTORY",
      "WRITING",
      "SCIENCE"
    ],
    "name": "Zack Windler",
    "rating": 7.64,
    "id": 11,
    "proficiency": {
      "READING": 4,
      "MATH": 6,
      "HISTORY": 7,
      "WRITING": 5,
      "SCIENCE": 7
    },
    "capacity": 7
  },
  {
    "proficientCourses": [
      "READING",
      "MATH",
      "HISTORY",
      "WRITING",
      "SCIENCE"
    ],
    "name": "Bradley Howell",
    "rating": 3.17,
    "id": 12,
    "proficiency": {
      "READING": 7,
      "MATH": 8,
      "HISTORY": 7,
      "WRITING": 5,
      "SCIENCE": 8
    },
    "capacity": 9
  },
  {
    "proficientCourses": [
      "READING",
      "HISTORY",
      "WRITING"
    ],
    "name": "Jazmine Schultz",
    "rating": 4.27,
    "id": 13,
    "proficiency": {
      "READING": 9,
      "MATH": 1,
      "HISTORY": 5,
      "WRITING": 5,
      "SCIENCE": 4
    },
    "capacity": 10
  },
  {
    "proficientCourses": [
      "MATH",
      "WRITING",
      "SCIENCE"
    ],
    "name": "Maris Beatty",
    "rating": 9.21,
    "id": 14,
    "proficiency": {
      "READING": 4,
      "MATH": 8,
      "HISTORY": 2,
      "WRITING": 6,
      "SCIENCE": 6
    },
    "capacity": 9
  },
  {
    "proficientCourses": [
      "WRITING"
    ],
    "name": "Jerrod Sanford",
    "rating": 1.45,
    "id": 15,
    "proficiency": {
      "READING": 2,
      "MATH": 1,
      "HISTORY": 2,
      "WRITING": 8,
      "SCIENCE": 1
    },
    "capacity": 6
  },
  {
    "proficientCourses": [
      "MATH",
      "SCIENCE"
    ],
    "name": "Maira Fahey",
    "rating": 4.06,
    "id": 16,
    "proficiency": {
      "READING": 4,
      "MATH": 7,
      "HISTORY": 0,
      "WRITING": 1,
      "SCIENCE": 9
    },
    "capacity": 9
  },
  {
    "proficientCourses": [
      "READING",
      "MATH",
      "WRITING"
    ],
    "name": "Chas Hermiston",
    "rating": 2.28,
    "id": 17,
    "proficiency": {
      "READING": 8,
      "MATH": 7,
      "HISTORY": 3,
      "WRITING": 7,
      "SCIENCE": 4
    },
    "capacity": 4
  },
  {
    "proficientCourses": [
      "MATH",
      "HISTORY",
      "WRITING"
    ],
    "name": "Marcelo Armstrong",
    "rating": 3.68,
    "id": 18,
    "proficiency": {
      "READING": 2,
      "MATH": 6,
      "HISTORY": 5,
      "WRITING": 8,
      "SCIENCE": 2
    },
    "capacity": 9
  },
  {
    "proficientCourses": [
      "READING",
      "HISTORY",
      "SCIENCE"
    ],
    "name": "Orville Nikolaus",
    "rating": 3.17,
    "id": 19,
    "proficiency": {
      "READING": 9,
      "MATH": 1,
      "HISTORY": 10,
      "WRITING": 1,
      "SCIENCE": 10
    },
    "capacity": 3
  },
  {
    "proficientCourses": [
      "MATH",
      "SCIENCE"
    ],
    "name": "Cathleen Douglas",
    "rating": 8.63,
    "id": 20,
    "proficiency": {
      "READING": 2,
      "MATH": 7,
      "HISTORY": 3,
      "WRITING": 0,
      "SCIENCE": 6
    },
    "capacity": 6
  },
  {
    "proficientCourses": [
      "READING",
      "MATH",
      "HISTORY",
      "WRITING"
    ],
    "name": "Darius Mohr",
    "rating": 1.52,
    "id": 21,
    "proficiency": {
      "READING": 9,
      "MATH": 6,
      "HISTORY": 6,
      "WRITING": 6,
      "SCIENCE": 2
    },
    "capacity": 5
  },
  {
    "proficientCourses": [
      "READING",
      "HISTORY",
      "WRITING",
      "SCIENCE"
    ],
    "name": "Rosalie Carter",
    "rating": 8.78,
    "id": 22,
    "proficiency": {
      "READING": 8,
      "MATH": 3,
      "HISTORY": 9,
      "WRITING": 6,
      "SCIENCE": 10
    },
    "capacity": 3
  },
  {
    "proficientCourses": [
      "HISTORY",
      "SCIENCE"
    ],
    "name": "Luciano Keebler",
    "rating": 5.61,
    "id": 23,
    "proficiency": {
      "READING": 1,
      "MATH": 3,
      "HISTORY": 5,
      "WRITING": 2,
      "SCIENCE": 8
    },
    "capacity": 2
  },
  {
    "proficientCourses": [
      "WRITING",
      "SCIENCE"
    ],
    "name": "Gabriele Koelpin",
    "rating": 2.89,
    "id": 24,
    "proficiency": {
      "READING": 4,
      "MATH": 1,
      "HISTORY": 3,
      "WRITING": 7,
      "SCIENCE": 6
    },
    "capacity": 8
  },
  {
    "proficientCourses": [
      "READING",
      "MATH",
      "HISTORY",
      "WRITING"
    ],
    "name": "Mauricio Dare",
    "rating": 9.82,
    "id": 25,
    "proficiency": {
      "READING": 6,
      "MATH": 6,
      "HISTORY": 8,
      "WRITING": 9,
      "SCIENCE": 4
    },
    "capacity": 6
  },
  {
    "proficientCourses": [
      "READING"
    ],
    "name": "Mickey Ratke",
    "rating": 7.81,
    "id": 26,
    "proficiency": {
      "READING": 9,
      "MATH": 2,
      "HISTORY": 1,
      "WRITING": 4,
      "SCIENCE": 4
    },
    "capacity": 10
  },
  {
    "proficientCourses": [
      "WRITING",
      "SCIENCE"
    ],
    "name": "Cesar Bruen",
    "rating": 8.0,
    "id": 27,
    "proficiency": {
      "READING": 4,
      "MATH": 3,
      "HISTORY": 3,
      "WRITING": 9,
      "SCIENCE": 8
    },
    "capacity": 7
  },
  {
    "proficientCourses": [
      "READING",
      "MATH",
      "WRITING"
    ],
    "name": "Ahmed Huel",
    "rating": 3.63,
    "id": 28,
    "proficiency": {
      "READING": 9,
      "MATH": 8,
      "HISTORY": 3,
      "WRITING": 10,
      "SCIENCE": 4
    },
    "capacity": 2
  },
  {
    "proficientCourses": [
      "READING",
      "HISTORY",
      "WRITING",
      "SCIENCE"
    ],
    "name": "Lolita Turner",
    "rating": 2.61,
    "id": 29,
    "proficiency": {
      "READING": 5,
      "MATH": 3,
      "HISTORY": 7,
      "WRITING": 6,
      "SCIENCE": 5
    },
    "capacity": 4
  },
  {
    "proficientCourses": [
      "READING",
      "HISTORY",
      "SCIENCE"
    ],
    "name": "Hoyt Weissnat",
    "rating": 4.03,
    "id": 30,
    "proficiency": {
      "READING": 5,
      "MATH": 3,
      "HISTORY": 10,
      "WRITING": 1,
      "SCIENCE": 5
    },
    "capacity": 1
  },
  {
    "proficientCourses": [
      "READING",
      "MATH",
      "HISTORY",
      "SCIENCE"
    ],
    "name": "Rodolfo Bednar",
    "rating": 3.09,
    "id": 31,
    "proficiency": {
      "READING": 9,
      "MATH": 9,
      "HISTORY": 5,
      "WRITING": 2,
      "SCIENCE": 7
    },
    "capacity": 9
  },
  {
    "proficientCourses": [],
    "name": "Rafaela Torphy",
    "rating": 1.49,
    "id": 32,
    "proficiency": {
      "READING": 3,
      "MATH": 1,
      "HISTORY": 1,
      "WRITING": 1,
      "SCIENCE": 3
    },
    "capacity": 5
  },
  {
    "proficientCourses": [
      "MATH",
      "HISTORY",
      "WRITING"
    ],
    "name": "Dewayne Kuhlman",
    "rating": 4.09,
    "id": 33,
    "proficiency": {
      "READING": 3,
      "MATH": 9,
      "HISTORY": 5,
      "WRITING": 6,
      "SCIENCE": 3
    },
    "capacity": 1
  },
  {
    "proficientCourses": [
      "MATH",
      "HISTORY",
      "SCIENCE"
    ],
    "name": "Alycia Jacobi",
    "rating": 4.89,
    "id": 34,
    "proficiency": {
      "READING": 2,
      "MATH": 8,
      "HISTORY": 8,
      "WRITING": 2,
      "SCIENCE": 7
    },
    "capacity": 6
  },
  {
    "proficientCourses": [
      "READING",
      "MATH",
      "SCIENCE"
    ],
    "name": "Rebekah Beatty",
    "rating": 6.74,
    "id": 35,
    "proficiency": {
      "READING": 5,
      "MATH": 9,
      "HISTORY": 3,
      "WRITING": 3,
      "SCIENCE": 7
    },
    "capacity": 5
  },
  {
    "proficientCourses": [
      "READING",
      "SCIENCE"
    ],
    "name": "Chuck Cruickshank",
    "rating": 7.23,
    "id": 36,
    "proficiency": {
      "READING": 5,
      "MATH": 4,
      "HISTORY": 1,
      "WRITING": 3,
      "SCIENCE": 5
    },
    "capacity": 3
  },
  {
    "proficientCourses": [
      "READING",
      "MATH",
      "WRITING",
      "SCIENCE"
    ],
    "name": "Irwin Wisozk",
    "rating": 2.31,
    "id": 37,
    "proficiency": {
      "READING": 7,
      "MATH": 7,
      "HISTORY": 4,
      "WRITING": 6,
      "SCIENCE": 5
    },
    "capacity": 7
  },
  {
    "proficientCourses": [
      "READING",
      "WRITING"
    ],
    "name": "Janeen Champlin",
    "rating": 6.53,
    "id": 38,
    "proficiency": {
      "READING": 6,
      "MATH": 4,
      "HISTORY": 0,
      "WRITING": 7,
      "SCIENCE": 4
    },
    "capacity": 6
  },
  {
    "proficientCourses": [
      "READING",
      "MATH",
      "WRITING"
    ],
    "name": "Garry Huels",
    "rating": 3.19,
    "id": 39,
    "proficiency": {
      "READING": 7,
      "MATH": 7,
      "HISTORY": 0,
      "WRITING": 8,
      "SCIENCE": 2
    },
    "capacity": 8
  },
  {
    "proficientCourses": [
      "READING",
      "HISTORY",
      "WRITING"
    ],
    "name": "George Doyle",
    "rating": 9.32,
    "id": 40,
    "proficiency": {
      "READING": 5,
      "MATH": 1,
      "HISTORY": 9,
      "WRITING": 8,
      "SCIENCE": 2
    },
    "capacity": 4
  },
  {
    "proficientCourses": [
      "READING",
      "MATH",
      "HISTORY",
      "WRITING",
      "SCIENCE"
    ],
    "name": "Angelika Spinka",
    "rating": 4.38,
    "id": 41,
    "proficiency": {
      "READING": 10,
      "MATH": 8,
      "HISTORY": 10,
      "WRITING": 7,
      "SCIENCE": 9
    },
    "capacity": 3
  },
  {
    "proficientCourses": [
      "READING",
      "MATH"
    ],
    "name": "Loriann Legros",
    "rating": 6.7,
    "id": 42,
    "proficiency": {
      "READING": 9,
      "MATH": 5,
      "HISTORY": 3,
      "WRITING": 3,
      "SCIENCE": 2
    },
    "capacity": 9
  },
  {
    "proficientCourses": [
      "READING",
      "MATH",
      "HISTORY",
      "SCIENCE"
    ],
    "name": "Gene Beer",
    "rating": 0.94,
    "id": 43,
    "proficiency": {
      "READING": 8,
      "MATH": 7,
      "HISTORY": 8,
      "WRITING": 1,
      "SCIENCE": 7
    },
    "capacity": 9
  },
  {
    "proficientCourses": [
      "READING",
      "HISTORY",
      "WRITING"
    ],
    "name": "Octavia McLaughlin",
    "rating": 8.11,
    "id": 44,
    "proficiency": {
      "READING": 8,
      "MATH": 4,
      "HISTORY": 8,
      "WRITING": 7,
      "SCIENCE": 1
    },
    "capacity": 10
  },
  {
    "proficientCourses": [
      "READING",
      "MATH",
      "HISTORY",
      "WRITING",
      "SCIENCE"
    ],
    "name": "Thelma Wuckert",
    "rating": 2.32,
    "id": 45,
    "proficiency": {
      "READING": 7,
      "MATH": 6,
      "HISTORY": 7,
      "WRITING": 7,
      "SCIENCE": 7
    },
    "capacity": 6
  },
  {
    "proficientCourses": [
      "READING",
      "MATH"
    ],
    "name": "Jolynn Kuhic",
    "rating": 0.65,
    "id": 46,
    "proficiency": {
      "READING": 6,
      "MATH": 9,
      "HISTORY": 2,
      "WRITING": 2,
      "SCIENCE": 1
    },
    "capacity": 10
  },
  {
    "proficientCourses": [
      "READING",
      "WRITING"
    ],
    "name": "Ming Rolfson",
    "rating": 3.35,
    "id": 47,
    "proficiency": {
      "READING": 9,
      "MATH": 3,
      "HISTORY": 3,
      "WRITING": 7,
      "SCIENCE": 1
    },
    "capacity": 4
  },
  {
    "proficientCourses": [
      "WRITING",
      "SCIENCE"
    ],
    "name": "Ligia Smitham",
    "rating": 1.72,
    "id": 48,
    "proficiency": {
      "READING": 2,
      "MATH": 3,
      "HISTORY": 3,
      "WRITING": 6,
      "SCIENCE": 9
    },
    "capacity": 10
  },
  {
    "proficientCourses": [
      "READING",
      "MATH",
      "HISTORY",
      "SCIENCE"
    ],
    "name": "Tierra Cole",
    "rating": 0.07,
    "id": 49,
    "proficiency": {
      "READING": 10,
      "MATH": 9,
      "HISTORY": 8,
      "WRITING": 2,
      "SCIENCE": 5
    },
    "capacity": 5
  },
  {
    "proficientCourses": [
      "MATH",
      "HISTORY",
      "WRITING"
    ],
    "name": "Danita Hirthe",
    "rating": 1.71,
    "id": 50,
    "proficiency": {
      "READING": 1,
      "MATH": 9,
      "HISTORY": 7,
      "WRITING": 5,
      "SCIENCE": 3
    },
    "capacity": 3
  },
  {
    "proficientCourses": [
      "READING",
      "MATH",
      "HISTORY",
      "WRITING"
    ],
    "name": "Ernie Thiel",
    "rating": 9.74,
    "id": 51,
    "proficiency": {
      "READING": 7,
      "MATH": 8,
      "HISTORY": 8,
      "WRITING": 9,
      "SCIENCE": 4
    },
    "capacity": 3
  },
  {
    "proficientCourses": [
      "MATH",
      "HISTORY",
      "WRITING"
    ],
    "name": "Antoine Feil",
    "rating": 3.24,
    "id": 52,
    "proficiency": {
      "READING": 2,
      "MATH": 7,
      "HISTORY": 9,
      "WRITING": 7,
      "SCIENCE": 2
    },
    "capacity": 3
  },
  {
    "proficientCourses": [
      "READING",
      "MATH",
      "HISTORY",
      "WRITING"
    ],
    "name": "Gretta Daugherty",
    "rating": 3.15,
    "id": 53,
    "proficiency": {
      "READING": 7,
      "MATH": 5,
      "HISTORY": 9,
      "WRITING": 5,
      "SCIENCE": 4
    },
    "capacity": 8
  },
  {
    "proficientCourses": [
      "READING",
      "MATH",
      "HISTORY",
      "SCIENCE"
    ],
    "name": "Gilbert Morar",
    "rating": 1.99,
    "id": 54,
    "proficiency": {
      "READING": 5,
      "MATH": 7,
      "HISTORY": 9,
      "WRITING": 3,
      "SCIENCE": 5
    },
    "capacity": 1
  },
  {
    "proficientCourses": [
      "READING",
      "SCIENCE"
    ],
    "name": "Freeda Pouros",
    "rating": 2.85,
    "id": 55,
    "proficiency": {
      "READING": 6,
      "MATH": 3,
      "HISTORY": 2,
      "WRITING": 3,
      "SCIENCE": 7
    },
    "capacity": 6
  },
  {
    "proficientCourses": [
      "READING",
      "MATH",
      "HISTORY"
    ],
    "name": "Vernon Ullrich",
    "rating": 0.85,
    "id": 56,
    "proficiency": {
      "READING": 8,
      "MATH": 7,
      "HISTORY": 6,
      "WRITING": 0,
      "SCIENCE": 1
    },
    "capacity": 10
  },
  {
    "proficientCourses": [
      "HISTORY"
    ],
    "name": "Penelope Howe",
    "rating": 7.37,
    "id": 57,
    "proficiency": {
      "READING": 4,
      "MATH": 1,
      "HISTORY": 8,
      "WRITING": 3,
      "SCIENCE": 3
    },
    "capacity": 8
  },
  {
    "proficientCourses": [
      "READING",
      "WRITING"
    ],
    "name": "Noemi Gulgowski",
    "rating": 5.56,
    "id": 58,
    "proficiency": {
      "READING": 5,
      "MATH": 2,
      "HISTORY": 3,
      "WRITING": 9,
      "SCIENCE": 2
    },
    "capacity": 3
  },
  {
    "proficientCourses": [
      "READING",
      "SCIENCE"
    ],
    "name": "Victor Gislason",
    "rating": 9.75,
    "id": 59,
    "proficiency": {
      "READING": 5,
      "MATH": 4,
      "HISTORY": 4,
      "WRITING": 2,
      "SCIENCE": 7
    },
    "capacity": 2
  },
  {
    "proficientCourses": [
      "READING",
      "MATH",
      "HISTORY",
      "SCIENCE"
    ],
    "name": "Kirsten Mraz",
    "rating": 8.89,
    "id": 60,
    "proficiency": {
      "READING": 7,
      "MATH": 7,
      "HISTORY": 7,
      "WRITING": 4,
      "SCIENCE": 9
    },
    "capacity": 1
  },
  {
    "proficientCourses": [
      "READING",
      "MATH",
      "HISTORY",
      "WRITING",
      "SCIENCE"
    ],
    "name": "Myrna Daniel",
    "rating": 1.53,
    "id": 61,
    "proficiency": {
      "READING": 7,
      "MATH": 7,
      "HISTORY": 10,
      "WRITING": 10,
      "SCIENCE": 9
    },
    "capacity": 6
  },
  {
    "proficientCourses": [
      "HISTORY"
    ],
    "name": "Ossie Ullrich",
    "rating": 2.48,
    "id": 62,
    "proficiency": {
      "READING": 2,
      "MATH": 2,
      "HISTORY": 5,
      "WRITING": 3,
      "SCIENCE": 2
    },
    "capacity": 10
  },
  {
    "proficientCourses": [
      "READING",
      "WRITING"
    ],
    "name": "Wes Altenwerth",
    "rating": 2.23,
    "id": 63,
    "proficiency": {
      "READING": 6,
      "MATH": 2,
      "HISTORY": 4,
      "WRITING": 8,
      "SCIENCE": 1
    },
    "capacity": 7
  },
  {
    "proficientCourses": [
      "READING"
    ],
    "name": "Renda Witting",
    "rating": 5.46,
    "id": 64,
    "proficiency": {
      "READING": 9,
      "MATH": 4,
      "HISTORY": 2,
      "WRITING": 3,
      "SCIENCE": 1
    },
    "capacity": 4
  },
  {
    "proficientCourses": [
      "SCIENCE"
    ],
    "name": "Shiela Stroman",
    "rating": 2.11,
    "id": 65,
    "proficiency": {
      "READING": 3,
      "MATH": 3,
      "HISTORY": 2,
      "WRITING": 1,
      "SCIENCE": 5
    },
    "capacity": 6
  },
  {
    "proficientCourses": [
      "MATH",
      "HISTORY",
      "SCIENCE"
    ],
    "name": "Marlana Jacobi",
    "rating": 6.68,
    "id": 66,
    "proficiency": {
      "READING": 3,
      "MATH": 6,
      "HISTORY": 9,
      "WRITING": 0,
      "SCIENCE": 9
    },
    "capacity": 10
  },
  {
    "proficientCourses": [
      "READING",
      "HISTORY",
      "WRITING",
      "SCIENCE"
    ],
    "name": "Dick Hirthe",
    "rating": 1.79,
    "id": 67,
    "proficiency": {
      "READING": 9,
      "MATH": 1,
      "HISTORY": 7,
      "WRITING": 7,
      "SCIENCE": 5
    },
    "capacity": 7
  },
  {
    "proficientCourses": [
      "READING",
      "MATH",
      "SCIENCE"
    ],
    "name": "Yuonne Zieme",
    "rating": 6.45,
    "id": 68,
    "proficiency": {
      "READING": 6,
      "MATH": 10,
      "HISTORY": 3,
      "WRITING": 3,
      "SCIENCE": 5
    },
    "capacity": 9
  },
  {
    "proficientCourses": [
      "READING",
      "SCIENCE"
    ],
    "name": "Kristofer Rohan",
    "rating": 5.6,
    "id": 69,
    "proficiency": {
      "READING": 10,
      "MATH": 2,
      "HISTORY": 2,
      "WRITING": 3,
      "SCIENCE": 9
    },
    "capacity": 10
  },
  {
    "proficientCourses": [
      "MATH",
      "HISTORY",
      "WRITING"
    ],
    "name": "Yevette Hand",
    "rating": 4.9,
    "id": 70,
    "proficiency": {
      "READING": 3,
      "MATH": 5,
      "HISTORY": 8,
      "WRITING": 6,
      "SCIENCE": 2
    },
    "capacity": 10
  },
  {
    "proficientCourses": [
      "MATH",
      "HISTORY",
      "WRITING",
      "SCIENCE"
    ],
    "name": "Joey Spencer",
    "rating": 6.59,
    "id": 71,
    "proficiency": {
      "READING": 3,
      "MATH": 8,
      "HISTORY": 8,
      "WRITING": 10,
      "SCIENCE": 8
    },
    "capacity": 4
  },
  {
    "proficientCourses": [
      "READING",
      "MATH",
      "HISTORY",
      "SCIENCE"
    ],
    "name": "Paige Little",
    "rating": 5.89,
    "id": 72,
    "proficiency": {
      "READING": 8,
      "MATH": 9,
      "HISTORY": 10,
      "WRITING": 1,
      "SCIENCE": 9
    },
    "capacity": 9
  },
  {
    "proficientCourses": [
      "MATH",
      "HISTORY",
      "SCIENCE"
    ],
    "name": "King Roob",
    "rating": 2.77,
    "id": 73,
    "proficiency": {
      "READING": 1,
      "MATH": 8,
      "HISTORY": 8,
      "WRITING": 4,
      "SCIENCE": 6
    },
    "capacity": 7
  },
  {
    "proficientCourses": [
      "READING",
      "HISTORY",
      "WRITING"
    ],
    "name": "Jorge Runolfsson",
    "rating": 7.62,
    "id": 74,
    "proficiency": {
      "READING": 6,
      "MATH": 1,
      "HISTORY": 8,
      "WRITING": 8,
      "SCIENCE": 3
    },
    "capacity": 7
  },
  {
    "proficientCourses": [
      "READING",
      "HISTORY",
      "WRITING",
      "SCIENCE"
    ],
    "name": "Elvie McKenzie",
    "rating": 3.91,
    "id": 75,
    "proficiency": {
      "READING": 5,
      "MATH": 4,
      "HISTORY": 6,
      "WRITING": 8,
      "SCIENCE": 7
    },
    "capacity": 8
  },
  {
    "proficientCourses": [
      "READING",
      "MATH",
      "WRITING",
      "SCIENCE"
    ],
    "name": "Roxann Connelly",
    "rating": 6.37,
    "id": 76,
    "proficiency": {
      "READING": 6,
      "MATH": 7,
      "HISTORY": 3,
      "WRITING": 9,
      "SCIENCE": 7
    },
    "capacity": 2
  },
  {
    "proficientCourses": [
      "MATH",
      "WRITING"
    ],
    "name": "Brent Goyette",
    "rating": 2.71,
    "id": 77,
    "proficiency": {
      "READING": 4,
      "MATH": 6,
      "HISTORY": 4,
      "WRITING": 5,
      "SCIENCE": 1
    },
    "capacity": 8
  },
  {
    "proficientCourses": [
      "READING",
      "HISTORY",
      "WRITING"
    ],
    "name": "Britteny Dibbert",
    "rating": 6.86,
    "id": 78,
    "proficiency": {
      "READING": 6,
      "MATH": 2,
      "HISTORY": 5,
      "WRITING": 6,
      "SCIENCE": 1
    },
    "capacity": 8
  },
  {
    "proficientCourses": [
      "READING",
      "MATH"
    ],
    "name": "Charla Bayer",
    "rating": 2.46,
    "id": 79,
    "proficiency": {
      "READING": 9,
      "MATH": 5,
      "HISTORY": 3,
      "WRITING": 1,
      "SCIENCE": 4
    },
    "capacity": 10
  },
  {
    "proficientCourses": [
      "READING",
      "MATH",
      "HISTORY",
      "WRITING"
    ],
    "name": "Traci Heathcote",
    "rating": 6.0,
    "id": 80,
    "proficiency": {
      "READING": 8,
      "MATH": 8,
      "HISTORY": 6,
      "WRITING": 9,
      "SCIENCE": 0
    },
    "capacity": 6
  },
  {
    "proficientCourses": [
      "SCIENCE"
    ],
    "name": "Scotty Heaney",
    "rating": 7.04,
    "id": 81,
    "proficiency": {
      "READING": 1,
      "MATH": 3,
      "HISTORY": 1,
      "WRITING": 0,
      "SCIENCE": 9
    },
    "capacity": 3
  },
  {
    "proficientCourses": [
      "HISTORY",
      "WRITING"
    ],
    "name": "Len Torphy",
    "rating": 5.49,
    "id": 82,
    "proficiency": {
      "READING": 3,
      "MATH": 2,
      "HISTORY": 8,
      "WRITING": 7,
      "SCIENCE": 1
    },
    "capacity": 8
  },
  {
    "proficientCourses": [],
    "name": "Brigitte Heidenreich",
    "rating": 2.78,
    "id": 83,
    "proficiency": {
      "READING": 0,
      "MATH": 1,
      "HISTORY": 1,
      "WRITING": 0,
      "SCIENCE": 0
    },
    "capacity": 1
  },
  {
    "proficientCourses": [
      "READING",
      "WRITING",
      "SCIENCE"
    ],
    "name": "Millicent Labadie",
    "rating": 8.81,
    "id": 84,
    "proficiency": {
      "READING": 6,
      "MATH": 4,
      "HISTORY": 4,
      "WRITING": 6,
      "SCIENCE": 8
    },
    "capacity": 5
  },
  {
    "proficientCourses": [
      "READING",
      "MATH",
      "HISTORY",
      "SCIENCE"
    ],
    "name": "Keena Feeney",
    "rating": 0.96,
    "id": 85,
    "proficiency": {
      "READING": 9,
      "MATH": 6,
      "HISTORY": 9,
      "WRITING": 1,
      "SCIENCE": 10
    },
    "capacity": 8
  },
  {
    "proficientCourses": [
      "HISTORY"
    ],
    "name": "Seth Crona",
    "rating": 7.38,
    "id": 86,
    "proficiency": {
      "READING": 1,
      "MATH": 1,
      "HISTORY": 8,
      "WRITING": 2,
      "SCIENCE": 2
    },
    "capacity": 3
  },
  {
    "proficientCourses": [
      "READING",
      "MATH",
      "WRITING",
      "SCIENCE"
    ],
    "name": "Takako Luettgen",
    "rating": 4.82,
    "id": 87,
    "proficiency": {
      "READING": 6,
      "MATH": 7,
      "HISTORY": 1,
      "WRITING": 5,
      "SCIENCE": 9
    },
    "capacity": 10
  },
  {
    "proficientCourses": [
      "READING",
      "HISTORY",
      "WRITING"
    ],
    "name": "Ardis Tremblay",
    "rating": 3.53,
    "id": 88,
    "proficiency": {
      "READING": 6,
      "MATH": 3,
      "HISTORY": 6,
      "WRITING": 10,
      "SCIENCE": 1
    },
    "capacity": 9
  },
  {
    "proficientCourses": [
      "READING",
      "MATH",
      "WRITING"
    ],
    "name": "Rozanne Kautzer",
    "rating": 6.03,
    "id": 89,
    "proficiency": {
      "READING": 5,
      "MATH": 8,
      "HISTORY": 3,
      "WRITING": 5,
      "SCIENCE": 4
    },
    "capacity": 6
  },
  {
    "proficientCourses": [
      "HISTORY",
      "WRITING",
      "SCIENCE"
    ],
    "name": "Abe Renner",
    "rating": 2.1,
    "id": 90,
    "proficiency": {
      "READING": 1,
      "MATH": 3,
      "HISTORY": 10,
      "WRITING": 5,
      "SCIENCE": 5
    },
    "capacity": 7
  },
  {
    "proficientCourses": [
      "READING",
      "MATH",
      "WRITING"
    ],
    "name": "Lanette Kulas",
    "rating": 7.47,
    "id": 91,
    "proficiency": {
      "READING": 5,
      "MATH": 5,
      "HISTORY": 3,
      "WRITING": 9,
      "SCIENCE": 4
    },
    "capacity": 8
  },
  {
    "proficientCourses": [
      "READING",
      "WRITING"
    ],
    "name": "Darleen Hirthe",
    "rating": 8.43,
    "id": 92,
    "proficiency": {
      "READING": 8,
      "MATH": 2,
      "HISTORY": 4,
      "WRITING": 6,
      "SCIENCE": 3
    },
    "capacity": 10
  },
  {
    "proficientCourses": [
      "READING",
      "WRITING",
      "SCIENCE"
    ],
    "name": "Jenelle Hagenes",
    "rating": 7.06,
    "id": 93,
    "proficiency": {
      "READING": 10,
      "MATH": 1,
      "HISTORY": 2,
      "WRITING": 6,
      "SCIENCE": 7
    },
    "capacity": 8
  },
  {
    "proficientCourses": [
      "HISTORY",
      "SCIENCE"
    ],
    "name": "Edmund Ankunding",
    "rating": 6.47,
    "id": 94,
    "proficiency": {
      "READING": 2,
      "MATH": 2,
      "HISTORY": 7,
      "WRITING": 4,
      "SCIENCE": 8
    },
    "capacity": 4
  },
  {
    "proficientCourses": [
      "READING",
      "HISTORY",
      "WRITING"
    ],
    "name": "Ria Medhurst",
    "rating": 7.13,
    "id": 95,
    "proficiency": {
      "READING": 7,
      "MATH": 3,
      "HISTORY": 10,
      "WRITING": 5,
      "SCIENCE": 3
    },
    "capacity": 3
  },
  {
    "proficientCourses": [
      "MATH",
      "HISTORY",
      "SCIENCE"
    ],
    "name": "Claud Rolfson",
    "rating": 5.74,
    "id": 96,
    "proficiency": {
      "READING": 4,
      "MATH": 6,
      "HISTORY": 9,
      "WRITING": 2,
      "SCIENCE": 7
    },
    "capacity": 7
  },
  {
    "proficientCourses": [
      "READING",
      "MATH",
      "WRITING"
    ],
    "name": "Manuel Kilback",
    "rating": 5.43,
    "id": 97,
    "proficiency": {
      "READING": 7,
      "MATH": 10,
      "HISTORY": 2,
      "WRITING": 5,
      "SCIENCE": 0
    },
    "capacity": 4
  },
  {
    "proficientCourses": [
      "MATH",
      "HISTORY",
      "SCIENCE"
    ],
    "name": "Gabriel Stark",
    "rating": 3.46,
    "id": 98,
    "proficiency": {
      "READING": 4,
      "MATH": 5,
      "HISTORY": 8,
      "WRITING": 4,
      "SCIENCE": 5
    },
    "capacity": 5
  },
  {
    "proficientCourses": [
      "READING",
      "MATH",
      "HISTORY"
    ],
    "name": "Pasquale Doyle",
    "rating": 1.95,
    "id": 99,
    "proficiency": {
      "READING": 10,
      "MATH": 5,
      "HISTORY": 6,
      "WRITING": 2,
      "SCIENCE": 4
    },
    "capacity": 4
  }
]